,point,Building,Equipment_Type,Sensor_Type
1316,ACAD.HHW.BLDGDP,ACAD,HHW,BLDGDP
1317,ACAD.HHW.Building Hot Water Flow,ACAD,HHW,Building Hot Water Flow
1318,ACAD.HHW.Building Hot Water Return Temp,ACAD,HHW,Building Hot Water Return Temp
1319,ACAD.HHW.Building Hot Water Supply Temp,ACAD,HHW,Building Hot Water Supply Temp
1320,ACAD.HHW.Building Hot Water Supply Temp Setpoint,ACAD,HHW,Building Hot Water Supply Temp Setpoint
1321,ACAD.HHW.EOLDP,ACAD,HHW,EOLDP
1322,ACAD.HHW.Hot Water Flow Switch,ACAD,HHW,Hot Water Flow Switch
1323,ACAD.HHW.MAXVLV,ACAD,HHW,MAXVLV
1324,ACAD.HHW.MBH,ACAD,HHW,MBH
1325,ACAD.HHW.Outside Air Temp,ACAD,HHW,Outside Air Temp
1326,ACAD.HHW.Pump 1 Speed,ACAD,HHW,Pump 1 Speed
1327,ACAD.HHW.Pump 1 Status,ACAD,HHW,Pump 1 Status
1328,ACAD.HHW.Pump 2 Speed,ACAD,HHW,Pump 2 Speed
1329,ACAD.HHW.Pump 2 Status,ACAD,HHW,Pump 2 Status
1330,ACAD.HHW.Steam Valve Position,ACAD,HHW,Steam Valve Position
1331,ACAD.HHW.THERMSH,ACAD,HHW,THERMSH
1438,AMRL.HHW.BLRCall,AMRL,HHW,BLRCall
1439,AMRL.HHW.Building Hot Water Return Temp,AMRL,HHW,Building Hot Water Return Temp
1440,AMRL.HHW.Building Hot Water Supply Temp,AMRL,HHW,Building Hot Water Supply Temp
1441,AMRL.HHW.Pump 1 Status,AMRL,HHW,Pump 1 Status
1453,AOB4.HHW.Building Hot Water Supply Temp Setpoint,AOB4,HHW,Building Hot Water Supply Temp Setpoint
1454,AOB4.HHW.HWS,AOB4,HHW,HWS
1455,AOB4.HHW.Outside Air Temp,AOB4,HHW,Outside Air Temp
1456,AOB4.HHW.Pump1_Call,AOB4,HHW,Pump1_Call
1457,AOB4.HHW.STMVLV,AOB4,HHW,STMVLV
2325,ARC.HHW.1STHWP,ARC,HHW,1STHWP
2326,ARC.HHW.2NDHWP,ARC,HHW,2NDHWP
2327,ARC.HHW.Building Hot Water Flow,ARC,HHW,Building Hot Water Flow
2328,ARC.HHW.Building Hot Water Return Temp,ARC,HHW,Building Hot Water Return Temp
2329,ARC.HHW.Building Hot Water Supply Temp,ARC,HHW,Building Hot Water Supply Temp
2330,ARC.HHW.Building Hot Water Supply Temp Setpoint,ARC,HHW,Building Hot Water Supply Temp Setpoint
2331,ARC.HHW.Call,ARC,HHW,Call
2332,ARC.HHW.DIFFTEMP,ARC,HHW,DIFFTEMP
2333,ARC.HHW.ENABLE,ARC,HHW,ENABLE
2334,ARC.HHW.FLOWSW,ARC,HHW,FLOWSW
2335,ARC.HHW.Hot Water Flow Switch,ARC,HHW,Hot Water Flow Switch
2336,ARC.HHW.HWCall,ARC,HHW,HWCall
2339,ARC.HHW.HWSSETPOINT,ARC,HHW,HWSSETPOINT
2340,ARC.HHW.MBH,ARC,HHW,MBH
2341,ARC.HHW.O1,ARC,HHW,O1
2342,ARC.HHW.O2,ARC,HHW,O2
2343,ARC.HHW.Outside Air Temp,ARC,HHW,Outside Air Temp
2344,ARC.HHW.OSACall,ARC,HHW,OSACall
2345,ARC.HHW.Outside Air Temp Virt,ARC,HHW,Outside Air Temp Virt
2346,ARC.HHW.Pump 1 Speed,ARC,HHW,Pump 1 Speed
2347,ARC.HHW.Pump 1 Status,ARC,HHW,Pump 1 Status
2348,ARC.HHW.Pump 2 Speed,ARC,HHW,Pump 2 Speed
2349,ARC.HHW.Pump 2 Status,ARC,HHW,Pump 2 Status
2350,ARC.HHW.Steam Flow Rate Rate,ARC,HHW,Steam Flow Rate Rate
2351,ARC.HHW.STMPREStart/Stop,ARC,HHW,STMPREStart/Stop
2352,ARC.HHW.STMTEMP,ARC,HHW,STMTEMP
2353,ARC.HHW.STMVLV1,ARC,HHW,STMVLV1
2354,ARC.HHW.STMVLV2,ARC,HHW,STMVLV2
2355,ARC.HHW.THERMS,ARC,HHW,THERMS
2356,ARC.HHW.Total Hot Water Flow,ARC,HHW,Total Hot Water Flow
2403,ARSM3.HHW.BOILER FAILURE,ARSM3,HHW,BOILER FAILURE
2404,ARSM3.HHW.BOILER STATUS,ARSM3,HHW,BOILER STATUS
2407,ARSM3.HHW.Pump 1 Status,ARSM3,HHW,Pump 1 Status
2408,ARSM3.HHW.Pump 2 Status,ARSM3,HHW,Pump 2 Status
2552,ART.HHW.BLDGDP,ART,HHW,BLDGDP
2553,ART.HHW.EOLDP SP,ART,HHW,EOLDP SP
2554,ART.HHW.Pump 1 Speed,ART,HHW,Pump 1 Speed
2555,ART.HHW.Pump 1 Status,ART,HHW,Pump 1 Status
2695,ARTX.HHW.Building Hot Water Return Temp,ARTX,HHW,Building Hot Water Return Temp
2696,ARTX.HHW.Building Hot Water Supply Temp,ARTX,HHW,Building Hot Water Supply Temp
2697,ARTX.HHW.CLS,ARTX,HHW,CLS
2698,ARTX.HHW.ENABLE,ARTX,HHW,ENABLE
2699,ARTX.HHW.Hot Water Flow Switch,ARTX,HHW,Hot Water Flow Switch
2700,ARTX.HHW.Pump 1 Status,ARTX,HHW,Pump 1 Status
2701,ARTX.HHW.Steam Valve Position,ARTX,HHW,Steam Valve Position
2805,ASMUN.HHW.Building Hot Water Return Temp,ASMUN,HHW,Building Hot Water Return Temp
2806,ASMUN.HHW.Building Hot Water Supply Temp,ASMUN,HHW,Building Hot Water Supply Temp
2807,ASMUN.HHW.Building Hot Water Supply Temp Setpoint,ASMUN,HHW,Building Hot Water Supply Temp Setpoint
2808,ASMUN.HHW.COND TEMP,ASMUN,HHW,COND TEMP
2809,ASMUN.HHW.Condensate Flow Rate,ASMUN,HHW,Condensate Flow Rate
2810,ASMUN.HHW.HEAT EXCH VALVE,ASMUN,HHW,HEAT EXCH VALVE
2811,ASMUN.HHW.Pump 1 Status,ASMUN,HHW,Pump 1 Status
2812,ASMUN.HHW.Pump 2 Status,ASMUN,HHW,Pump 2 Status
3709,Bainer.HHW.1/3 Steam Valve Position,Bainer,HHW,1/3 Steam Valve Position
3710,Bainer.HHW.2/3 Steam Valve Position,Bainer,HHW,2/3 Steam Valve Position
3711,Bainer.HHW.Building Hot Water Flow,Bainer,HHW,Building Hot Water Flow
3712,Bainer.HHW.Building Hot Water Return Temp,Bainer,HHW,Building Hot Water Return Temp
3713,Bainer.HHW.Building Hot Water Return Temp1,Bainer,HHW,Building Hot Water Return Temp1
3714,Bainer.HHW.Building Hot Water Supply Temp,Bainer,HHW,Building Hot Water Supply Temp
3715,Bainer.HHW.Building Hot Water Supply Temp Setpoint,Bainer,HHW,Building Hot Water Supply Temp Setpoint
3716,Bainer.HHW.ENABLE,Bainer,HHW,ENABLE
3717,Bainer.HHW.Hot Water Flow Switch,Bainer,HHW,Hot Water Flow Switch
3718,Bainer.HHW.HWS1,Bainer,HHW,HWS1
3719,Bainer.HHW.MBH,Bainer,HHW,MBH
3720,Bainer.HHW.Outside Air Enable,Bainer,HHW,Outside Air Enable
3721,Bainer.HHW.Outside Air Temp,Bainer,HHW,Outside Air Temp
3722,Bainer.HHW.Pump1_EOLDP,Bainer,HHW,Pump1_EOLDP
3723,Bainer.HHW.Pump1_EOLDP SP,Bainer,HHW,Pump1_EOLDP SP
3724,Bainer.HHW.Pump1_FAULT,Bainer,HHW,Pump1_FAULT
3725,Bainer.HHW.Pump1_KW,Bainer,HHW,Pump1_KW
3726,Bainer.HHW.Pump1_Start/Stop,Bainer,HHW,Pump1_Start/Stop
3727,Bainer.HHW.Pump2_EOLDP,Bainer,HHW,Pump2_EOLDP
3728,Bainer.HHW.Pump2_EOLDP SP,Bainer,HHW,Pump2_EOLDP SP
3729,Bainer.HHW.Pump2_FAULT,Bainer,HHW,Pump2_FAULT
3730,Bainer.HHW.Pump2_KW,Bainer,HHW,Pump2_KW
3731,Bainer.HHW.Pump2_Start/Stop,Bainer,HHW,Pump2_Start/Stop
3732,Bainer.HHW.Pump 1 Speed,Bainer,HHW,Pump 1 Speed
3733,Bainer.HHW.Pump 1 Speed  Feedback,Bainer,HHW,Pump 1 Speed  Feedback
3734,Bainer.HHW.Pump 1 Status,Bainer,HHW,Pump 1 Status
3735,Bainer.HHW.Pump 2 Speed,Bainer,HHW,Pump 2 Speed
3736,Bainer.HHW.Pump 2 Speed  Feedback,Bainer,HHW,Pump 2 Speed  Feedback
3737,Bainer.HHW.Pump 2 Status,Bainer,HHW,Pump 2 Status
3811,BIXB.HHW.ISOVLV,BIXB,HHW,ISOVLV
3812,BIXB.HHW.MODVLV,BIXB,HHW,MODVLV
3813,BIXB.HHW.MODVLVPOS,BIXB,HHW,MODVLVPOS
4373,BJ1.HHW.BLR1BAC_BLR ALARM,BJ1,HHW,BLR1BAC_BLR ALARM
4374,BJ1.HHW.BLR1BAC_SUP TEMP,BJ1,HHW,BLR1BAC_SUP TEMP
4375,BJ1.HHW.BLR2BAC_BLR ALARM,BJ1,HHW,BLR2BAC_BLR ALARM
4376,BJ1.HHW.BLR2BAC_RET TEMP,BJ1,HHW,BLR2BAC_RET TEMP
4377,BJ1.HHW.BLR2BAC_SUP TEMP,BJ1,HHW,BLR2BAC_SUP TEMP
4378,BJ1.HHW.Building Hot Water Return Temp,BJ1,HHW,Building Hot Water Return Temp
4379,BJ1.HHW.Building Hot Water Supply Temp,BJ1,HHW,Building Hot Water Supply Temp
4380,BJ1.HHW.Building Hot Water Supply Temp Setpoint,BJ1,HHW,Building Hot Water Supply Temp Setpoint
4381,BJ1.HHW.ENABLE,BJ1,HHW,ENABLE
4385,BJ1.HHW.LEADISOVLV,BJ1,HHW,LEADISOVLV
4387,BJ1.HHW.LEADPUMP,BJ1,HHW,LEADPUMP
4388,BJ1.HHW.Outside Air Temp Virt,BJ1,HHW,Outside Air Temp Virt
4389,BJ1.HHW.Pump 1 Status,BJ1,HHW,Pump 1 Status
4390,BJ1.HHW.Pump 2 Status,BJ1,HHW,Pump 2 Status
4391,BJ1.HHW.SEQ,BJ1,HHW,SEQ
7140,BRIG.HHW.BLDGDP,BRIG,HHW,BLDGDP
7141,BRIG.HHW.Building Hot Water Flow,BRIG,HHW,Building Hot Water Flow
7142,BRIG.HHW.Building Hot Water Return Temp,BRIG,HHW,Building Hot Water Return Temp
7143,BRIG.HHW.Building Hot Water Supply Temp,BRIG,HHW,Building Hot Water Supply Temp
7144,BRIG.HHW.Building Hot Water Supply Temp Setpoint,BRIG,HHW,Building Hot Water Supply Temp Setpoint
7145,BRIG.HHW.ENABLE,BRIG,HHW,ENABLE
7146,BRIG.HHW.EOLDP,BRIG,HHW,EOLDP
7147,BRIG.HHW.EOLDP SP,BRIG,HHW,EOLDP SP
7148,BRIG.HHW.Hot Water Flow Switch,BRIG,HHW,Hot Water Flow Switch
7149,BRIG.HHW.HWDIFF TEMP,BRIG,HHW,HWDIFF TEMP
7152,BRIG.HHW.HWP1_POWER,BRIG,HHW,HWP1_POWER
7155,BRIG.HHW.HWP2_POWER,BRIG,HHW,HWP2_POWER
7156,BRIG.HHW.Outside Air Enable,BRIG,HHW,Outside Air Enable
7157,BRIG.HHW.Outside Air Temp,BRIG,HHW,Outside Air Temp
7158,BRIG.HHW.Pump 1 Speed,BRIG,HHW,Pump 1 Speed
7159,BRIG.HHW.Pump 1 Status,BRIG,HHW,Pump 1 Status
7160,BRIG.HHW.Pump 2 Speed,BRIG,HHW,Pump 2 Speed
7161,BRIG.HHW.Pump 2 Status,BRIG,HHW,Pump 2 Status
7162,BRIG.HHW.Steam Valve Position,BRIG,HHW,Steam Valve Position
7517,BWFP.HHW.1ST STAGE,BWFP,HHW,1ST STAGE
7518,BWFP.HHW.2ND STAGE,BWFP,HHW,2ND STAGE
7521,BWFP.HHW.AVAILABLE,BWFP,HHW,AVAILABLE
7522,BWFP.HHW.Building Hot Water Return Temp,BWFP,HHW,Building Hot Water Return Temp
7523,BWFP.HHW.Building Hot Water Supply Temp,BWFP,HHW,Building Hot Water Supply Temp
7524,BWFP.HHW.Building Hot Water Supply Temp Setpoint,BWFP,HHW,Building Hot Water Supply Temp Setpoint
7525,BWFP.HHW.ENABLE,BWFP,HHW,ENABLE
7526,BWFP.HHW.EOLDPAVG,BWFP,HHW,EOLDPAVG
7527,BWFP.HHW.EOLDPO,BWFP,HHW,EOLDPO
7528,BWFP.HHW.EOLDPS,BWFP,HHW,EOLDPS
7529,BWFP.HHW.Heating Valve Output,BWFP,HHW,Heating Valve Output
7530,BWFP.HHW.HLCV,BWFP,HHW,HLCV
7531,BWFP.HHW.HLPV,BWFP,HHW,HLPV
7532,BWFP.HHW.Hot Water Flow Switch,BWFP,HHW,Hot Water Flow Switch
7533,BWFP.HHW.Hot Water FlowOK,BWFP,HHW,Hot Water FlowOK
7538,BWFP.HHW.HWSO,BWFP,HHW,HWSO
7539,BWFP.HHW.HX,BWFP,HHW,HX
7540,BWFP.HHW.HX 1/10,BWFP,HHW,HX 1/10
7541,BWFP.HHW.HX 1/10O,BWFP,HHW,HX 1/10O
7542,BWFP.HHW.HX 42379,BWFP,HHW,HX 42379
7543,BWFP.HHW.HX 42623,BWFP,HHW,HX 42623
7544,BWFP.HHW.HX 9/10,BWFP,HHW,HX 9/10
7545,BWFP.HHW.HX 9/10O,BWFP,HHW,HX 9/10O
7546,BWFP.HHW.HXO,BWFP,HHW,HXO
7547,BWFP.HHW.LLCV,BWFP,HHW,LLCV
7548,BWFP.HHW.LLPV,BWFP,HHW,LLPV
7549,BWFP.HHW.Outside Air Temp,BWFP,HHW,Outside Air Temp
7550,BWFP.HHW.Pump 1 Speed,BWFP,HHW,Pump 1 Speed
7551,BWFP.HHW.Pump 1 Status,BWFP,HHW,Pump 1 Status
7552,BWFP.HHW.Pump 2 Speed,BWFP,HHW,Pump 2 Speed
7553,BWFP.HHW.Pump 2 Status,BWFP,HHW,Pump 2 Status
7554,BWFP.HHW.Pump Speed,BWFP,HHW,Pump Speed
7555,BWFP.HHW.PUMPENABLE,BWFP,HHW,PUMPENABLE
7556,BWFP.HHW.SP HIGH,BWFP,HHW,SP HIGH
7557,BWFP.HHW.SP LOW,BWFP,HHW,SP LOW
7558,BWFP.HHW.ST,BWFP,HHW,ST
7559,BWFP.HHW.Steam Flow Rate,BWFP,HHW,Steam Flow Rate
7560,BWFP.HHW.Steam Flow RateOUT,BWFP,HHW,Steam Flow RateOUT
7561,BWFP.HHW.STEAMPSI,BWFP,HHW,STEAMPSI
7562,BWFP.HHW.STEAMTEMP,BWFP,HHW,STEAMTEMP
7563,BWFP.HHW.TC,BWFP,HHW,TC
8595,CHEM.HHW.1/3 Steam Valve Position,CHEM,HHW,1/3 Steam Valve Position
8596,CHEM.HHW.2/3 Steam Valve Position,CHEM,HHW,2/3 Steam Valve Position
8597,CHEM.HHW.BLDG DP,CHEM,HHW,BLDG DP
8598,CHEM.HHW.Building Hot Water Flow,CHEM,HHW,Building Hot Water Flow
8599,CHEM.HHW.Building Hot Water Return Temp,CHEM,HHW,Building Hot Water Return Temp
8600,CHEM.HHW.Building Hot Water Supply Temp,CHEM,HHW,Building Hot Water Supply Temp
8601,CHEM.HHW.Building Hot Water Supply Temp Setpoint,CHEM,HHW,Building Hot Water Supply Temp Setpoint
8602,CHEM.HHW.ENABLE,CHEM,HHW,ENABLE
8603,CHEM.HHW.EOLDP,CHEM,HHW,EOLDP
8604,CHEM.HHW.EOLDP SP,CHEM,HHW,EOLDP SP
8605,CHEM.HHW.Hot Water Flow Switch,CHEM,HHW,Hot Water Flow Switch
8606,CHEM.HHW.MBH,CHEM,HHW,MBH
8607,CHEM.HHW.Outside Air Enable,CHEM,HHW,Outside Air Enable
8608,CHEM.HHW.Outside Air Temp,CHEM,HHW,Outside Air Temp
8609,CHEM.HHW.Pump1_SVB,CHEM,HHW,Pump1_SVB
8610,CHEM.HHW.Pump 1 Speed,CHEM,HHW,Pump 1 Speed
8611,CHEM.HHW.Pump 1 Status,CHEM,HHW,Pump 1 Status
8612,CHEM.HHW.Pump 2 Speed,CHEM,HHW,Pump 2 Speed
8613,CHEM.HHW.Pump 2 Status,CHEM,HHW,Pump 2 Status
9446,CHEMX.HHW.BUILD DP,CHEMX,HHW,BUILD DP
9447,CHEMX.HHW.Building Hot Water Return Temp,CHEMX,HHW,Building Hot Water Return Temp
9448,CHEMX.HHW.Building Hot Water Supply Temp,CHEMX,HHW,Building Hot Water Supply Temp
9449,CHEMX.HHW.Building Hot Water Supply Temp Setpoint,CHEMX,HHW,Building Hot Water Supply Temp Setpoint
9450,CHEMX.HHW.ENABLE,CHEMX,HHW,ENABLE
9451,CHEMX.HHW.EOL DP,CHEMX,HHW,EOL DP
9452,CHEMX.HHW.EOLDP SP,CHEMX,HHW,EOLDP SP
9453,CHEMX.HHW.Hot Water Flow,CHEMX,HHW,Hot Water Flow
9454,CHEMX.HHW.Hot Water Flow Switch,CHEMX,HHW,Hot Water Flow Switch
9455,CHEMX.HHW.Hot Water Flow SwitchITCH,CHEMX,HHW,Hot Water Flow SwitchITCH
9461,CHEMX.HHW.Outside Air Enable,CHEMX,HHW,Outside Air Enable
9462,CHEMX.HHW.OA LOW,CHEMX,HHW,OA LOW
9463,CHEMX.HHW.Outside Air Temp,CHEMX,HHW,Outside Air Temp
9464,CHEMX.HHW.Pump 1 Speed,CHEMX,HHW,Pump 1 Speed
9465,CHEMX.HHW.Pump 1 Status,CHEMX,HHW,Pump 1 Status
9466,CHEMX.HHW.Pump 2 Speed,CHEMX,HHW,Pump 2 Speed
9467,CHEMX.HHW.Pump 2 Status,CHEMX,HHW,Pump 2 Status
9468,CHEMX.HHW.SP HIGH,CHEMX,HHW,SP HIGH
9469,CHEMX.HHW.SP LOW,CHEMX,HHW,SP LOW
9470,CHEMX.HHW.STMVLV1,CHEMX,HHW,STMVLV1
9471,CHEMX.HHW.STMVLV2,CHEMX,HHW,STMVLV2
11028,CRUS.HHW.Building Hot Water Flow,CRUS,HHW,Building Hot Water Flow
11029,CRUS.HHW.Building Hot Water Return Temp,CRUS,HHW,Building Hot Water Return Temp
11030,CRUS.HHW.Building Hot Water Supply Temp,CRUS,HHW,Building Hot Water Supply Temp
11031,CRUS.HHW.Building Hot Water Supply Temp Setpoint,CRUS,HHW,Building Hot Water Supply Temp Setpoint
11032,CRUS.HHW.Condensate Flow Rate,CRUS,HHW,Condensate Flow Rate
11033,CRUS.HHW.ENABLE,CRUS,HHW,ENABLE
11034,CRUS.HHW.EOLDP,CRUS,HHW,EOLDP
11035,CRUS.HHW.EOLDP SP,CRUS,HHW,EOLDP SP
11036,CRUS.HHW.Hot Water Flow Switch,CRUS,HHW,Hot Water Flow Switch
11038,CRUS.HHW.HWSO,CRUS,HHW,HWSO
11039,CRUS.HHW.HX1/3O,CRUS,HHW,HX1/3O
11040,CRUS.HHW.HX2/3O,CRUS,HHW,HX2/3O
11041,CRUS.HHW.Pump 1 Speed,CRUS,HHW,Pump 1 Speed
11042,CRUS.HHW.Pump 1 Status,CRUS,HHW,Pump 1 Status
11043,CRUS.HHW.Pump 2 Speed,CRUS,HHW,Pump 2 Speed
11044,CRUS.HHW.Pump 2 Status,CRUS,HHW,Pump 2 Status
11975,DH.HHW.1/3 Steam Valve Position,DH,HHW,1/3 Steam Valve Position
11976,DH.HHW.2/3 Steam Valve Position,DH,HHW,2/3 Steam Valve Position
11977,DH.HHW.Building Hot Water Flow,DH,HHW,Building Hot Water Flow
11978,DH.HHW.Building Hot Water Supply Temp Setpoint,DH,HHW,Building Hot Water Supply Temp Setpoint
11979,DH.HHW.COND TEMP,DH,HHW,COND TEMP
11980,DH.HHW.COND1 STATUS,DH,HHW,COND1 STATUS
11981,DH.HHW.COND2 STATUS,DH,HHW,COND2 STATUS
11982,DH.HHW.ENABLE,DH,HHW,ENABLE
11983,DH.HHW.EOLDP,DH,HHW,EOLDP
11984,DH.HHW.EOLDP SP,DH,HHW,EOLDP SP
11985,DH.HHW.Hot Water Return,DH,HHW,Hot Water Return
11986,DH.HHW.HWS,DH,HHW,HWS
11987,DH.HHW.MBH,DH,HHW,MBH
11988,DH.HHW.Outside Air Enable,DH,HHW,Outside Air Enable
11989,DH.HHW.Outside Air Temp,DH,HHW,Outside Air Temp
11990,DH.HHW.Pump1_Start/Stop,DH,HHW,Pump1_Start/Stop
11991,DH.HHW.Pump2_Start/Stop,DH,HHW,Pump2_Start/Stop
11992,DH.HHW.Pump 1 Speed,DH,HHW,Pump 1 Speed
11993,DH.HHW.Pump 1 Status,DH,HHW,Pump 1 Status
11994,DH.HHW.Pump 2 Speed,DH,HHW,Pump 2 Speed
11995,DH.HHW.Pump 2 Status,DH,HHW,Pump 2 Status
11996,DH.HHW.PUMP RET PSI,DH,HHW,PUMP RET PSI
11997,DH.HHW.PUMP SUP PSI,DH,HHW,PUMP SUP PSI
12113,DRAMA.HHW.BLDGDP,DRAMA,HHW,BLDGDP
12114,DRAMA.HHW.Building Hot Water Flow,DRAMA,HHW,Building Hot Water Flow
12115,DRAMA.HHW.Building Hot Water Return Temp,DRAMA,HHW,Building Hot Water Return Temp
12116,DRAMA.HHW.Building Hot Water Supply Temp,DRAMA,HHW,Building Hot Water Supply Temp
12117,DRAMA.HHW.Building Hot Water Supply Temp Setpoint,DRAMA,HHW,Building Hot Water Supply Temp Setpoint
12118,DRAMA.HHW.ENABLE,DRAMA,HHW,ENABLE
12119,DRAMA.HHW.EOLDP,DRAMA,HHW,EOLDP
12120,DRAMA.HHW.EOLDP SP,DRAMA,HHW,EOLDP SP
12122,DRAMA.HHW.Outside Air Enable,DRAMA,HHW,Outside Air Enable
12123,DRAMA.HHW.Outside Air Temp Virt,DRAMA,HHW,Outside Air Temp Virt
12124,DRAMA.HHW.Pump 1 Speed,DRAMA,HHW,Pump 1 Speed
12125,DRAMA.HHW.Pump 1 Status,DRAMA,HHW,Pump 1 Status
12126,DRAMA.HHW.STMVLV,DRAMA,HHW,STMVLV
14084,EPS.HHW.1/3 Steam Valve Position,EPS,HHW,1/3 Steam Valve Position
14085,EPS.HHW.1ST STAGE,EPS,HHW,1ST STAGE
14086,EPS.HHW.2/3 Steam Valve Position,EPS,HHW,2/3 Steam Valve Position
14087,EPS.HHW.2ND STAGE,EPS,HHW,2ND STAGE
14088,EPS.HHW.2PUMPREQ,EPS,HHW,2PUMPREQ
14089,EPS.HHW.AVAILABLE,EPS,HHW,AVAILABLE
14090,EPS.HHW.Building Hot Water Flow,EPS,HHW,Building Hot Water Flow
14091,EPS.HHW.Building Hot Water Return Temp,EPS,HHW,Building Hot Water Return Temp
14092,EPS.HHW.Building Hot Water Supply Temp,EPS,HHW,Building Hot Water Supply Temp
14093,EPS.HHW.Building Hot Water Supply Temp Setpoint,EPS,HHW,Building Hot Water Supply Temp Setpoint
14094,EPS.HHW.Condensate Flow Rate,EPS,HHW,Condensate Flow Rate
14095,EPS.HHW.DELTA_T,EPS,HHW,DELTA_T
14096,EPS.HHW.ENABLE,EPS,HHW,ENABLE
14097,EPS.HHW.ENERGY RATE,EPS,HHW,ENERGY RATE
14098,EPS.HHW.EOLDP,EPS,HHW,EOLDP
14099,EPS.HHW.EOLDPAVG,EPS,HHW,EOLDPAVG
14100,EPS.HHW.EOLDPO,EPS,HHW,EOLDPO
14101,EPS.HHW.EOLDPS,EPS,HHW,EOLDPS
14102,EPS.HHW.Heating Valve Output,EPS,HHW,Heating Valve Output
14103,EPS.HHW.HEX 1/3O,EPS,HHW,HEX 1/3O
14104,EPS.HHW.HEX 2/3O,EPS,HHW,HEX 2/3O
14105,EPS.HHW.HEX 42372,EPS,HHW,HEX 42372
14106,EPS.HHW.HEX 42403,EPS,HHW,HEX 42403
14107,EPS.HHW.Hot Water Flow Switch,EPS,HHW,Hot Water Flow Switch
14108,EPS.HHW.Hot Water FlowOK,EPS,HHW,Hot Water FlowOK
14111,EPS.HHW.HWP1_CURRENT,EPS,HHW,HWP1_CURRENT
14112,EPS.HHW.HWP1_DRIVE KWH,EPS,HHW,HWP1_DRIVE KWH
14113,EPS.HHW.HWP1_FREQ OUTPUT,EPS,HHW,HWP1_FREQ OUTPUT
14114,EPS.HHW.HWP1_PCT OUTPUT,EPS,HHW,HWP1_PCT OUTPUT
14115,EPS.HHW.HWP1_POWER,EPS,HHW,HWP1_POWER
14118,EPS.HHW.HWP2_CURRENT,EPS,HHW,HWP2_CURRENT
14119,EPS.HHW.HWP2_DRIVE KWH,EPS,HHW,HWP2_DRIVE KWH
14120,EPS.HHW.HWP2_FREQ OUTPUT,EPS,HHW,HWP2_FREQ OUTPUT
14121,EPS.HHW.HWP2_PCT OUTPUT,EPS,HHW,HWP2_PCT OUTPUT
14122,EPS.HHW.HWP2_POWER,EPS,HHW,HWP2_POWER
14123,EPS.HHW.HWSO,EPS,HHW,HWSO
14124,EPS.HHW.LEADPUMP,EPS,HHW,LEADPUMP
14125,EPS.HHW.Outside Air Enable,EPS,HHW,Outside Air Enable
14126,EPS.HHW.Outside Air Temp,EPS,HHW,Outside Air Temp
14127,EPS.HHW.Pump 1 Speed,EPS,HHW,Pump 1 Speed
14128,EPS.HHW.Pump 1 Status,EPS,HHW,Pump 1 Status
14129,EPS.HHW.Pump 2 Speed,EPS,HHW,Pump 2 Speed
14130,EPS.HHW.Pump 2 Status,EPS,HHW,Pump 2 Status
14131,EPS.HHW.PUMPENABLE,EPS,HHW,PUMPENABLE
14132,EPS.HHW.VOLUME RATE,EPS,HHW,VOLUME RATE
14208,EU2.HHW.Building Hot Water Flow,EU2,HHW,Building Hot Water Flow
14209,EU2.HHW.Building Hot Water Return Temp,EU2,HHW,Building Hot Water Return Temp
14210,EU2.HHW.Building Hot Water Supply Temp,EU2,HHW,Building Hot Water Supply Temp
14211,EU2.HHW.MBH,EU2,HHW,MBH
14212,EU2.HHW.THERMSH,EU2,HHW,THERMSH
14227,EU3.HHW.Building Hot Water Flow,EU3,HHW,Building Hot Water Flow
14228,EU3.HHW.Hot Water Return,EU3,HHW,Hot Water Return
14229,EU3.HHW.HWS,EU3,HHW,HWS
14230,EU3.HHW.MBH,EU3,HHW,MBH
14383,FDPD.HHW.AHU ENABLE,FDPD,HHW,AHU ENABLE
14384,FDPD.HHW.AHU Heating Valve Output ENABLE,FDPD,HHW,AHU Heating Valve Output ENABLE
14385,FDPD.HHW.AHU HWP ENABLE,FDPD,HHW,AHU HWP ENABLE
14386,FDPD.HHW.AHU Outside Air Enable,FDPD,HHW,AHU Outside Air Enable
14387,FDPD.HHW.Building Hot Water Return Temp,FDPD,HHW,Building Hot Water Return Temp
14388,FDPD.HHW.Building Hot Water Supply Temp,FDPD,HHW,Building Hot Water Supply Temp
14389,FDPD.HHW.Building Hot Water Supply Temp Setpoint,FDPD,HHW,Building Hot Water Supply Temp Setpoint
14390,FDPD.HHW.ENABLE,FDPD,HHW,ENABLE
14391,FDPD.HHW.HWP10,FDPD,HHW,HWP10
14392,FDPD.HHW.HWP5,FDPD,HHW,HWP5
14393,FDPD.HHW.Outside Air Temp,FDPD,HHW,Outside Air Temp
14394,FDPD.HHW.STMVLVO,FDPD,HHW,STMVLVO
14395,FDPD.HHW.UH ENABLE,FDPD,HHW,UH ENABLE
14415,FOOD.HHW.Pump 1 Status,FOOD,HHW,Pump 1 Status
14603,FOODSCI.HHW.Building Hot Water Flow,FOODSCI,HHW,Building Hot Water Flow
14604,FOODSCI.HHW.Building Hot Water Return Temp,FOODSCI,HHW,Building Hot Water Return Temp
14605,FOODSCI.HHW.Building Hot Water Supply Temp,FOODSCI,HHW,Building Hot Water Supply Temp
14606,FOODSCI.HHW.Building Hot Water Supply Temp Setpoint,FOODSCI,HHW,Building Hot Water Supply Temp Setpoint
14607,FOODSCI.HHW.ENABLE,FOODSCI,HHW,ENABLE
14608,FOODSCI.HHW.EOLDP,FOODSCI,HHW,EOLDP
14609,FOODSCI.HHW.EOLDP SP,FOODSCI,HHW,EOLDP SP
14610,FOODSCI.HHW.Hot Water Flow Switch,FOODSCI,HHW,Hot Water Flow Switch
14611,FOODSCI.HHW.MBH,FOODSCI,HHW,MBH
14612,FOODSCI.HHW.Outside Air Temp,FOODSCI,HHW,Outside Air Temp
14613,FOODSCI.HHW.Pump 1 Speed,FOODSCI,HHW,Pump 1 Speed
14614,FOODSCI.HHW.Pump 1 Status,FOODSCI,HHW,Pump 1 Status
14615,FOODSCI.HHW.Pump 2 Speed,FOODSCI,HHW,Pump 2 Speed
14616,FOODSCI.HHW.Pump 2 Status,FOODSCI,HHW,Pump 2 Status
18646,GHA_ICS.HHW.1/3 Steam Valve Position,GHA_ICS,HHW,1/3 Steam Valve Position
18647,GHA_ICS.HHW.2/3 Steam Valve Position,GHA_ICS,HHW,2/3 Steam Valve Position
18648,GHA_ICS.HHW.Building Hot Water Flow,GHA_ICS,HHW,Building Hot Water Flow
18649,GHA_ICS.HHW.Building Hot Water Return Temp,GHA_ICS,HHW,Building Hot Water Return Temp
18650,GHA_ICS.HHW.Building Hot Water Supply Temp,GHA_ICS,HHW,Building Hot Water Supply Temp
18651,GHA_ICS.HHW.Building Hot Water Supply Temp Setpoint,GHA_ICS,HHW,Building Hot Water Supply Temp Setpoint
18652,GHA_ICS.HHW.COND TEMP,GHA_ICS,HHW,COND TEMP
18653,GHA_ICS.HHW.Condensate Flow Rate,GHA_ICS,HHW,Condensate Flow Rate
18654,GHA_ICS.HHW.ENABLE,GHA_ICS,HHW,ENABLE
18655,GHA_ICS.HHW.EOLDP,GHA_ICS,HHW,EOLDP
18656,GHA_ICS.HHW.EOLDP SP,GHA_ICS,HHW,EOLDP SP
18657,GHA_ICS.HHW.Hot Water Flow Switch,GHA_ICS,HHW,Hot Water Flow Switch
18658,GHA_ICS.HHW.MBH,GHA_ICS,HHW,MBH
18659,GHA_ICS.HHW.Outside Air Enable,GHA_ICS,HHW,Outside Air Enable
18660,GHA_ICS.HHW.OA HIGH,GHA_ICS,HHW,OA HIGH
18661,GHA_ICS.HHW.OA LOW,GHA_ICS,HHW,OA LOW
18662,GHA_ICS.HHW.Outside Air Temp,GHA_ICS,HHW,Outside Air Temp
18663,GHA_ICS.HHW.Outside Air Temp Virt,GHA_ICS,HHW,Outside Air Temp Virt
18664,GHA_ICS.HHW.Pump 1 Speed,GHA_ICS,HHW,Pump 1 Speed
18665,GHA_ICS.HHW.Pump 1 Status,GHA_ICS,HHW,Pump 1 Status
18666,GHA_ICS.HHW.Pump 2 Speed,GHA_ICS,HHW,Pump 2 Speed
18667,GHA_ICS.HHW.Pump 2 Status,GHA_ICS,HHW,Pump 2 Status
18668,GHA_ICS.HHW.SP HIGH,GHA_ICS,HHW,SP HIGH
18669,GHA_ICS.HHW.SP LOW,GHA_ICS,HHW,SP LOW
18670,GHA_ICS.HHW.STM PSI,GHA_ICS,HHW,STM PSI
18671,GHA_ICS.HHW.STM TEMP,GHA_ICS,HHW,STM TEMP
18672,GHA_ICS.HHW.THERMSH,GHA_ICS,HHW,THERMSH
18900,GIEDT.HHW.Building Hot Water Return Temp,GIEDT,HHW,Building Hot Water Return Temp
18901,GIEDT.HHW.Building Hot Water Supply Temp,GIEDT,HHW,Building Hot Water Supply Temp
18902,GIEDT.HHW.Building Hot Water Supply Temp Setpoint,GIEDT,HHW,Building Hot Water Supply Temp Setpoint
18903,GIEDT.HHW.Condensate Flow Rate,GIEDT,HHW,Condensate Flow Rate
18904,GIEDT.HHW.ENABLE,GIEDT,HHW,ENABLE
18905,GIEDT.HHW.HEXO,GIEDT,HHW,HEXO
18906,GIEDT.HHW.Outside Air Temp,GIEDT,HHW,Outside Air Temp
18907,GIEDT.HHW.Pump 1 Status,GIEDT,HHW,Pump 1 Status
18908,GIEDT.HHW.Steam Valve Position,GIEDT,HHW,Steam Valve Position
18945,GILM.HHW.ISOVLV,GILM,HHW,ISOVLV
18946,GILM.HHW.MODVLV,GILM,HHW,MODVLV
18947,GILM.HHW.MODVLVPOS,GILM,HHW,MODVLVPOS
20157,GSM.HHW.2PMPREQ,GSM,HHW,2PMPREQ
20158,GSM.HHW.ALTMINPUMP,GSM,HHW,ALTMINPUMP
20159,GSM.HHW.ALTMINPUMPSPEED,GSM,HHW,ALTMINPUMPSPEED
20163,GSM.HHW.Building Hot Water Return Temp,GSM,HHW,Building Hot Water Return Temp
20164,GSM.HHW.Building Hot Water Supply Temp,GSM,HHW,Building Hot Water Supply Temp
20165,GSM.HHW.EOLDP,GSM,HHW,EOLDP
20166,GSM.HHW.Hot Water Flow,GSM,HHW,Hot Water Flow
20167,GSM.HHW.HTG_DEMAND,GSM,HHW,HTG_DEMAND
20168,GSM.HHW.HTG_REQ,GSM,HHW,HTG_REQ
20169,GSM.HHW.HWAVAILABLE,GSM,HHW,HWAVAILABLE
20170,GSM.HHW.HWSSET,GSM,HHW,HWSSET
20171,GSM.HHW.LHWS,GSM,HHW,LHWS
20172,GSM.HHW.LOAD,GSM,HHW,LOAD
20173,GSM.HHW.LOADV,GSM,HHW,LOADV
20174,GSM.HHW.Outside Air TempENABLE,GSM,HHW,Outside Air TempENABLE
20175,GSM.HHW.Pump3_RT,GSM,HHW,Pump3_RT
20176,GSM.HHW.Pump3_SPEED,GSM,HHW,Pump3_SPEED
20178,GSM.HHW.P3_DRIVE KWH,GSM,HHW,P3_DRIVE KWH
20179,GSM.HHW.P3_DRIVE TEMP,GSM,HHW,P3_DRIVE TEMP
20180,GSM.HHW.P3_FREQ OUTPUT,GSM,HHW,P3_FREQ OUTPUT
20182,GSM.HHW.P3_MF IN 3 MON,GSM,HHW,P3_MF IN 3 MON
20183,GSM.HHW.P3_PCT OUTPUT,GSM,HHW,P3_PCT OUTPUT
20184,GSM.HHW.P3_POWER,GSM,HHW,P3_POWER
20185,GSM.HHW.P3_RUN OP MODE,GSM,HHW,P3_RUN OP MODE
20186,GSM.HHW.Pump4_RT,GSM,HHW,Pump4_RT
20187,GSM.HHW.Pump4_SPEED,GSM,HHW,Pump4_SPEED
20189,GSM.HHW.P4_DRIVE KWH,GSM,HHW,P4_DRIVE KWH
20190,GSM.HHW.P4_DRIVE TEMP,GSM,HHW,P4_DRIVE TEMP
20191,GSM.HHW.P4_FREQ OUTPUT,GSM,HHW,P4_FREQ OUTPUT
20193,GSM.HHW.P4_MF IN 3 MON,GSM,HHW,P4_MF IN 3 MON
20194,GSM.HHW.P4_PCT OUTPUT,GSM,HHW,P4_PCT OUTPUT
20195,GSM.HHW.P4_POWER,GSM,HHW,P4_POWER
20196,GSM.HHW.P4_RUN OP MODE,GSM,HHW,P4_RUN OP MODE
20197,GSM.HHW.Pump7_RT,GSM,HHW,Pump7_RT
20198,GSM.HHW.Pump7_SPEED,GSM,HHW,Pump7_SPEED
20200,GSM.HHW.P7_DRIVE KWH,GSM,HHW,P7_DRIVE KWH
20201,GSM.HHW.P7_DRIVE TEMP,GSM,HHW,P7_DRIVE TEMP
20202,GSM.HHW.P7_FREQ OUTPUT,GSM,HHW,P7_FREQ OUTPUT
20204,GSM.HHW.P7_MF IN 3 MON,GSM,HHW,P7_MF IN 3 MON
20205,GSM.HHW.P7_PCT OUTPUT,GSM,HHW,P7_PCT OUTPUT
20206,GSM.HHW.P7_POWER,GSM,HHW,P7_POWER
20207,GSM.HHW.P7_RUN OP MODE,GSM,HHW,P7_RUN OP MODE
20208,GSM.HHW.Pump8_RT,GSM,HHW,Pump8_RT
20209,GSM.HHW.Pump8_SPEED,GSM,HHW,Pump8_SPEED
20211,GSM.HHW.P8_DRIVE KWH,GSM,HHW,P8_DRIVE KWH
20212,GSM.HHW.P8_DRIVE TEMP,GSM,HHW,P8_DRIVE TEMP
20213,GSM.HHW.P8_FREQ OUTPUT,GSM,HHW,P8_FREQ OUTPUT
20215,GSM.HHW.P8_MF IN 3 MON,GSM,HHW,P8_MF IN 3 MON
20216,GSM.HHW.P8_PCT OUTPUT,GSM,HHW,P8_PCT OUTPUT
20217,GSM.HHW.P8_POWER,GSM,HHW,P8_POWER
20218,GSM.HHW.P8_RUN OP MODE,GSM,HHW,P8_RUN OP MODE
20220,GSM.HHW.PRIPUMPING,GSM,HHW,PRIPUMPING
20221,GSM.HHW.Pump 3 Speed,GSM,HHW,Pump 3 Speed
20222,GSM.HHW.Pump 3 Status,GSM,HHW,Pump 3 Status
20223,GSM.HHW.Pump 4 Speed,GSM,HHW,Pump 4 Speed
20224,GSM.HHW.Pump 4 Status,GSM,HHW,Pump 4 Status
20225,GSM.HHW.Pump 7 Speed,GSM,HHW,Pump 7 Speed
20226,GSM.HHW.Pump 7 Status,GSM,HHW,Pump 7 Status
20227,GSM.HHW.Pump 8 Speed,GSM,HHW,Pump 8 Speed
20228,GSM.HHW.Pump 8 Status,GSM,HHW,Pump 8 Status
20229,GSM.HHW.Pump A Status,GSM,HHW,Pump A Status
20230,GSM.HHW.Pump B Status,GSM,HHW,Pump B Status
20231,GSM.HHW.Pump X Status,GSM,HHW,Pump X Status
20232,GSM.HHW.Pump Y Status,GSM,HHW,Pump Y Status
21491,HART.HHW.Building Hot Water Flow,HART,HHW,Building Hot Water Flow
21492,HART.HHW.Building Hot Water Return Temp,HART,HHW,Building Hot Water Return Temp
21493,HART.HHW.Building Hot Water Supply Temp,HART,HHW,Building Hot Water Supply Temp
21494,HART.HHW.Building Hot Water Supply Temp Setpoint,HART,HHW,Building Hot Water Supply Temp Setpoint
21495,HART.HHW.ENABLE,HART,HHW,ENABLE
21496,HART.HHW.EOLDP,HART,HHW,EOLDP
21497,HART.HHW.EOLDP SP,HART,HHW,EOLDP SP
21500,HART.HHW.Hot Water Flow Switch,HART,HHW,Hot Water Flow Switch
21501,HART.HHW.HWP1 VFD_FREQ OUTPUT,HART,HHW,HWP1 VFD_FREQ OUTPUT
21502,HART.HHW.HWP1 VFD_PCT OUTPUT,HART,HHW,HWP1 VFD_PCT OUTPUT
21503,HART.HHW.HWP1 VFD_POWER,HART,HHW,HWP1 VFD_POWER
21504,HART.HHW.HWP2 VFD_FREQ OUTPUT,HART,HHW,HWP2 VFD_FREQ OUTPUT
21505,HART.HHW.HWP2 VFD_PCT OUTPUT,HART,HHW,HWP2 VFD_PCT OUTPUT
21506,HART.HHW.HWP2 VFD_POWER,HART,HHW,HWP2 VFD_POWER
21507,HART.HHW.Outside Air Enable,HART,HHW,Outside Air Enable
21508,HART.HHW.Outside Air Temp,HART,HHW,Outside Air Temp
21509,HART.HHW.Pump 1 Speed,HART,HHW,Pump 1 Speed
21510,HART.HHW.Pump 1 Status,HART,HHW,Pump 1 Status
21511,HART.HHW.Pump 1 VFD Speed,HART,HHW,Pump 1 VFD Speed
21512,HART.HHW.Pump 2 Speed,HART,HHW,Pump 2 Speed
21513,HART.HHW.Pump 2 Status,HART,HHW,Pump 2 Status
21514,HART.HHW.Pump 2 VFD Speed,HART,HHW,Pump 2 VFD Speed
21515,HART.HHW.Pump Status,HART,HHW,Pump Status
21516,HART.HHW.Steam Valve Position,HART,HHW,Steam Valve Position
22095,HUNT.HHW.1/3 Steam Valve Position,HUNT,HHW,1/3 Steam Valve Position
22096,HUNT.HHW.2/3 Steam Valve Position,HUNT,HHW,2/3 Steam Valve Position
22097,HUNT.HHW.Building Hot Water Flow,HUNT,HHW,Building Hot Water Flow
22098,HUNT.HHW.Building Hot Water Return Temp,HUNT,HHW,Building Hot Water Return Temp
22099,HUNT.HHW.Building Hot Water Supply Temp,HUNT,HHW,Building Hot Water Supply Temp
22100,HUNT.HHW.Building Hot Water Supply Temp Setpoint,HUNT,HHW,Building Hot Water Supply Temp Setpoint
22101,HUNT.HHW.ENABLE,HUNT,HHW,ENABLE
22102,HUNT.HHW.EOLDP,HUNT,HHW,EOLDP
22103,HUNT.HHW.EOLDPAVG,HUNT,HHW,EOLDPAVG
22104,HUNT.HHW.EOLDPS,HUNT,HHW,EOLDPS
22105,HUNT.HHW.Heating Valve Output CLOSED DISABLE,HUNT,HHW,Heating Valve Output CLOSED DISABLE
22106,HUNT.HHW.Heating Valve Output OPEN ENABLE,HUNT,HHW,Heating Valve Output OPEN ENABLE
22107,HUNT.HHW.HEX 1/3O,HUNT,HHW,HEX 1/3O
22108,HUNT.HHW.HEX 2/3O,HUNT,HHW,HEX 2/3O
22109,HUNT.HHW.HEX 42372,HUNT,HHW,HEX 42372
22110,HUNT.HHW.HEX 42403,HUNT,HHW,HEX 42403
22111,HUNT.HHW.Hot Water Flow Switch,HUNT,HHW,Hot Water Flow Switch
22112,HUNT.HHW.Hot Water FlowOK,HUNT,HHW,Hot Water FlowOK
22113,HUNT.HHW.HWSO,HUNT,HHW,HWSO
22114,HUNT.HHW.Outside Air Enable,HUNT,HHW,Outside Air Enable
22115,HUNT.HHW.Outside Air Temp,HUNT,HHW,Outside Air Temp
22116,HUNT.HHW.PUMPSEQUENCE,HUNT,HHW,PUMPSEQUENCE
22117,HUNT.HHW.SO HWP1 Speed,HUNT,HHW,SO HWP1 Speed
22118,HUNT.HHW.SO HWP1 Status,HUNT,HHW,SO HWP1 Status
22120,HUNT.HHW.SO HWP2 Speed,HUNT,HHW,SO HWP2 Speed
22121,HUNT.HHW.SO HWP2 Status,HUNT,HHW,SO HWP2 Status
23286,HUTCH.HHW.BHWSSP,HUTCH,HHW,BHWSSP
23287,HUTCH.HHW.Building Hot Water Supply Temp,HUTCH,HHW,Building Hot Water Supply Temp
23288,HUTCH.HHW.Call,HUTCH,HHW,Call
23289,HUTCH.HHW.ENABLE,HUTCH,HHW,ENABLE
23290,HUTCH.HHW.EOLDP,HUTCH,HHW,EOLDP
23291,HUTCH.HHW.EOLDPSP,HUTCH,HHW,EOLDPSP
23292,HUTCH.HHW.Hot Water Flow,HUTCH,HHW,Hot Water Flow
23293,HUTCH.HHW.Hot Water Flow Switch,HUTCH,HHW,Hot Water Flow Switch
23294,HUTCH.HHW.Hot Water Flow2,HUTCH,HHW,Hot Water Flow2
23297,HUTCH.HHW.Hot Water Return,HUTCH,HHW,Hot Water Return
23298,HUTCH.HHW.OSAOK,HUTCH,HHW,OSAOK
23299,HUTCH.HHW.Outside Air Temp Virt,HUTCH,HHW,Outside Air Temp Virt
23300,HUTCH.HHW.Pump 1 Status,HUTCH,HHW,Pump 1 Status
23303,HUTCH.HHW.Pump 2 Status,HUTCH,HHW,Pump 2 Status
23307,HUTCH.HHW.Steam Flow Rate Rate,HUTCH,HHW,Steam Flow Rate Rate
23309,HUTCH.HHW.STMP,HUTCH,HHW,STMP
23310,HUTCH.HHW.STMT,HUTCH,HHW,STMT
23311,HUTCH.HHW.STMV1,HUTCH,HHW,STMV1
23312,HUTCH.HHW.STMV1O,HUTCH,HHW,STMV1O
23313,HUTCH.HHW.STMV2,HUTCH,HHW,STMV2
23314,HUTCH.HHW.STMV2O,HUTCH,HHW,STMV2O
23315,HUTCH.HHW.VFD Speed,HUTCH,HHW,VFD Speed
24239,HWC.HHW.1/3 Steam Valve Position,HWC,HHW,1/3 Steam Valve Position
24240,HWC.HHW.2/3 Steam Valve Position,HWC,HHW,2/3 Steam Valve Position
24241,HWC.HHW.2NDSTAGE,HWC,HHW,2NDSTAGE
24242,HWC.HHW.Building Hot Water Return Temp,HWC,HHW,Building Hot Water Return Temp
24243,HWC.HHW.Building Hot Water Supply Temp,HWC,HHW,Building Hot Water Supply Temp
24244,HWC.HHW.Building Hot Water Supply Temp Setpoint,HWC,HHW,Building Hot Water Supply Temp Setpoint
24245,HWC.HHW.Condensate Flow Rate,HWC,HHW,Condensate Flow Rate
24246,HWC.HHW.ENABLE,HWC,HHW,ENABLE
24247,HWC.HHW.EOLDP,HWC,HHW,EOLDP
24248,HWC.HHW.EOLDP SP,HWC,HHW,EOLDP SP
24249,HWC.HHW.HEX 1/4O,HWC,HHW,HEX 1/4O
24250,HWC.HHW.HEX 3/4 INCPCT,HWC,HHW,HEX 3/4 INCPCT
24251,HWC.HHW.HEX 3/4O,HWC,HHW,HEX 3/4O
24252,HWC.HHW.HEX 42373,HWC,HHW,HEX 42373
24253,HWC.HHW.HEX 42433,HWC,HHW,HEX 42433
24254,HWC.HHW.HEX 42433 INCPCT,HWC,HHW,HEX 42433 INCPCT
24255,HWC.HHW.Hot Water Flow Switch,HWC,HHW,Hot Water Flow Switch
24256,HWC.HHW.HWSO,HWC,HHW,HWSO
24257,HWC.HHW.Outside Air Enable,HWC,HHW,Outside Air Enable
24258,HWC.HHW.Outside Air Temp,HWC,HHW,Outside Air Temp
24259,HWC.HHW.Pump 1 Speed,HWC,HHW,Pump 1 Speed
24260,HWC.HHW.Pump 1 Status,HWC,HHW,Pump 1 Status
24261,HWC.HHW.Pump 2 Speed,HWC,HHW,Pump 2 Speed
24262,HWC.HHW.Pump 2 Status,HWC,HHW,Pump 2 Status
24264,HWC.HHW.SSTOZone_MODE,HWC,HHW,SSTOZone_MODE
24265,HWC.HHW.STEAMPSI,HWC,HHW,STEAMPSI
24512,JUNGER.HHW.Building Hot Water Supply Temp,JUNGER,HHW,Building Hot Water Supply Temp
24513,JUNGER.HHW.ENABLE,JUNGER,HHW,ENABLE
24516,JUNGER.HHW.Hot Water Return,JUNGER,HHW,Hot Water Return
24517,JUNGER.HHW.Outside Air Temp,JUNGER,HHW,Outside Air Temp
24518,JUNGER.HHW.Pump 1 Speed,JUNGER,HHW,Pump 1 Speed
24519,JUNGER.HHW.Pump 1 Status,JUNGER,HHW,Pump 1 Status
24520,JUNGER.HHW.Pump 2 Speed,JUNGER,HHW,Pump 2 Speed
24521,JUNGER.HHW.Pump 2 Status,JUNGER,HHW,Pump 2 Status
25856,LFH.HHW.BLDGDP,LFH,HHW,BLDGDP
25857,LFH.HHW.Building Hot Water Flow,LFH,HHW,Building Hot Water Flow
25858,LFH.HHW.Building Hot Water Return Temp,LFH,HHW,Building Hot Water Return Temp
25859,LFH.HHW.Building Hot Water Supply Temp,LFH,HHW,Building Hot Water Supply Temp
25861,LFH.HHW.EOLDP,LFH,HHW,EOLDP
25862,LFH.HHW.EOLDP SP,LFH,HHW,EOLDP SP
25865,LFH.HHW.MBH,LFH,HHW,MBH
25866,LFH.HHW.Pump 1 Speed,LFH,HHW,Pump 1 Speed
25867,LFH.HHW.Pump 1 Status,LFH,HHW,Pump 1 Status
25868,LFH.HHW.Pump 2 Speed,LFH,HHW,Pump 2 Speed
25869,LFH.HHW.Pump 2 Status,LFH,HHW,Pump 2 Status
26188,LSA.HHW.1/3 Steam Valve Position,LSA,HHW,1/3 Steam Valve Position
26189,LSA.HHW.2/3 Steam Valve Position,LSA,HHW,2/3 Steam Valve Position
26190,LSA.HHW.Building Hot Water Flow,LSA,HHW,Building Hot Water Flow
26191,LSA.HHW.Building Hot Water Return Temp,LSA,HHW,Building Hot Water Return Temp
26192,LSA.HHW.Building Hot Water Return Temp1,LSA,HHW,Building Hot Water Return Temp1
26193,LSA.HHW.Building Hot Water Supply Temp,LSA,HHW,Building Hot Water Supply Temp
26194,LSA.HHW.Building Hot Water Supply Temp Setpoint,LSA,HHW,Building Hot Water Supply Temp Setpoint
26195,LSA.HHW.COND STATUS,LSA,HHW,COND STATUS
26196,LSA.HHW.COND TEMP,LSA,HHW,COND TEMP
26197,LSA.HHW.ENABLE,LSA,HHW,ENABLE
26198,LSA.HHW.EOLDP,LSA,HHW,EOLDP
26199,LSA.HHW.EOLDP SP,LSA,HHW,EOLDP SP
26200,LSA.HHW.Hot Water Flow Switch,LSA,HHW,Hot Water Flow Switch
26201,LSA.HHW.HWS1,LSA,HHW,HWS1
26203,LSA.HHW.MBH,LSA,HHW,MBH
26204,LSA.HHW.Outside Air Enable,LSA,HHW,Outside Air Enable
26205,LSA.HHW.Outside Air Temp,LSA,HHW,Outside Air Temp
26206,LSA.HHW.Pump3_Start/Stop,LSA,HHW,Pump3_Start/Stop
26207,LSA.HHW.Pump4_Start/Stop,LSA,HHW,Pump4_Start/Stop
26208,LSA.HHW.Pump 3 Speed,LSA,HHW,Pump 3 Speed
26209,LSA.HHW.Pump 3 Status,LSA,HHW,Pump 3 Status
26210,LSA.HHW.Pump 4 Speed,LSA,HHW,Pump 4 Speed
26211,LSA.HHW.Pump 4 Status,LSA,HHW,Pump 4 Status
26212,LSA.HHW.TRANS VAULT TEMP,LSA,HHW,TRANS VAULT TEMP
26595,MADDY.HHW.Building Hot Water Flow,MADDY,HHW,Building Hot Water Flow
26596,MADDY.HHW.Building Hot Water Return Temp,MADDY,HHW,Building Hot Water Return Temp
26597,MADDY.HHW.Building Hot Water Return Temp1,MADDY,HHW,Building Hot Water Return Temp1
26598,MADDY.HHW.Building Hot Water Supply Temp,MADDY,HHW,Building Hot Water Supply Temp
26599,MADDY.HHW.Building Hot Water Supply Temp Setpoint,MADDY,HHW,Building Hot Water Supply Temp Setpoint
26600,MADDY.HHW.Pump1_STATUS,MADDY,HHW,Pump1_STATUS
26601,MADDY.HHW.Pump2_STATUS,MADDY,HHW,Pump2_STATUS
26602,MADDY.HHW.ENABLE,MADDY,HHW,ENABLE
26603,MADDY.HHW.FILTER PRES,MADDY,HHW,FILTER PRES
26604,MADDY.HHW.Hot Water Flow Switch,MADDY,HHW,Hot Water Flow Switch
26609,MADDY.HHW.HWS1,MADDY,HHW,HWS1
26610,MADDY.HHW.MBH,MADDY,HHW,MBH
26611,MADDY.HHW.Outside Air Enable,MADDY,HHW,Outside Air Enable
26612,MADDY.HHW.OA HIGH,MADDY,HHW,OA HIGH
26613,MADDY.HHW.OA LOW,MADDY,HHW,OA LOW
26614,MADDY.HHW.Outside Air Temp,MADDY,HHW,Outside Air Temp
26615,MADDY.HHW.Pump 1 Speed,MADDY,HHW,Pump 1 Speed
26616,MADDY.HHW.Pump 1 Status,MADDY,HHW,Pump 1 Status
26617,MADDY.HHW.Pump 2 Speed,MADDY,HHW,Pump 2 Speed
26618,MADDY.HHW.Pump 2 Status,MADDY,HHW,Pump 2 Status
26619,MADDY.HHW.SP HIGH,MADDY,HHW,SP HIGH
26620,MADDY.HHW.SP LOW,MADDY,HHW,SP LOW
27020,MALC.HHW.ISOVLV,MALC,HHW,ISOVLV
27021,MALC.HHW.MODVLV,MALC,HHW,MODVLV
27375,MANN.HHW.Building Hot Water Flow,MANN,HHW,Building Hot Water Flow
27376,MANN.HHW.Building Hot Water Return Temp,MANN,HHW,Building Hot Water Return Temp
27377,MANN.HHW.Building Hot Water Supply Temp,MANN,HHW,Building Hot Water Supply Temp
27378,MANN.HHW.Building Hot Water Supply Temp Setpoint,MANN,HHW,Building Hot Water Supply Temp Setpoint
27379,MANN.HHW.COND TEMP,MANN,HHW,COND TEMP
27380,MANN.HHW.Condensate Flow Rate,MANN,HHW,Condensate Flow Rate
27381,MANN.HHW.CP1STATUS,MANN,HHW,CP1STATUS
27382,MANN.HHW.CP2STATUS,MANN,HHW,CP2STATUS
27383,MANN.HHW.ENABLE,MANN,HHW,ENABLE
27384,MANN.HHW.EOLDP SP,MANN,HHW,EOLDP SP
27387,MANN.HHW.Hot Water Flow Switch,MANN,HHW,Hot Water Flow Switch
27388,MANN.HHW.MBH,MANN,HHW,MBH
27389,MANN.HHW.Outside Air Enable,MANN,HHW,Outside Air Enable
27390,MANN.HHW.Outside Air Temp,MANN,HHW,Outside Air Temp
27391,MANN.HHW.Pump 1 Speed,MANN,HHW,Pump 1 Speed
27392,MANN.HHW.Pump 1 Status,MANN,HHW,Pump 1 Status
27393,MANN.HHW.Pump 2 Speed,MANN,HHW,Pump 2 Speed
27394,MANN.HHW.Pump 2 Status,MANN,HHW,Pump 2 Status
27395,MANN.HHW.Pump 5 Status,MANN,HHW,Pump 5 Status
27396,MANN.HHW.Pump 6 Status,MANN,HHW,Pump 6 Status
27397,MANN.HHW.Steam Valve Position,MANN,HHW,Steam Valve Position
27974,MATH.HHW.1/3 Steam Valve Position,MATH,HHW,1/3 Steam Valve Position
27975,MATH.HHW.2/3 Steam Valve Position,MATH,HHW,2/3 Steam Valve Position
27976,MATH.HHW.BOTHPUMPS,MATH,HHW,BOTHPUMPS
27977,MATH.HHW.Building Hot Water Flow,MATH,HHW,Building Hot Water Flow
27978,MATH.HHW.Building Hot Water Return Temp,MATH,HHW,Building Hot Water Return Temp
27979,MATH.HHW.Building Hot Water Supply Temp,MATH,HHW,Building Hot Water Supply Temp
27980,MATH.HHW.Call,MATH,HHW,Call
27983,MATH.HHW.CRTEMP,MATH,HHW,CRTEMP
27984,MATH.HHW.DELTA T,MATH,HHW,DELTA T
27985,MATH.HHW.DPSETPT,MATH,HHW,DPSETPT
27986,MATH.HHW.EOLDP,MATH,HHW,EOLDP
27987,MATH.HHW.HEX 42372,MATH,HHW,HEX 42372
27988,MATH.HHW.HEX 42403,MATH,HHW,HEX 42403
27989,MATH.HHW.HEX1PSI,MATH,HHW,HEX1PSI
27990,MATH.HHW.HHWP1,MATH,HHW,HHWP1
27992,MATH.HHW.HHWP2,MATH,HHW,HHWP2
27994,MATH.HHW.Hot Water Flow Switch,MATH,HHW,Hot Water Flow Switch
27995,MATH.HHW.HWSETPT,MATH,HHW,HWSETPT
27996,MATH.HHW.Outside Air Temp,MATH,HHW,Outside Air Temp
27997,MATH.HHW.Pump  Speed,MATH,HHW,Pump  Speed
27998,MATH.HHW.Pump 1 Speed,MATH,HHW,Pump 1 Speed
27999,MATH.HHW.Pump 2 Speed,MATH,HHW,Pump 2 Speed
28001,MATH.HHW.STMV1O,MATH,HHW,STMV1O
28002,MATH.HHW.STMV2O,MATH,HHW,STMV2O
30648,MIWF.HHW.1/3 Steam Valve Position,MIWF,HHW,1/3 Steam Valve Position
30649,MIWF.HHW.1ST STAGE,MIWF,HHW,1ST STAGE
30650,MIWF.HHW.2/3 Steam Valve Position,MIWF,HHW,2/3 Steam Valve Position
30651,MIWF.HHW.2ND STAGE,MIWF,HHW,2ND STAGE
30652,MIWF.HHW.2PUMPREQ,MIWF,HHW,2PUMPREQ
30653,MIWF.HHW.AVAILABLE,MIWF,HHW,AVAILABLE
30654,MIWF.HHW.Building Hot Water Flow,MIWF,HHW,Building Hot Water Flow
30655,MIWF.HHW.Building Hot Water Return Temp,MIWF,HHW,Building Hot Water Return Temp
30656,MIWF.HHW.Building Hot Water Supply Temp,MIWF,HHW,Building Hot Water Supply Temp
30657,MIWF.HHW.Building Hot Water Supply Temp Setpoint,MIWF,HHW,Building Hot Water Supply Temp Setpoint
30658,MIWF.HHW.CONDP1NB,MIWF,HHW,CONDP1NB
30659,MIWF.HHW.CONDP2NB,MIWF,HHW,CONDP2NB
30662,MIWF.HHW.DELTA_T,MIWF,HHW,DELTA_T
30663,MIWF.HHW.ENABLE,MIWF,HHW,ENABLE
30664,MIWF.HHW.EOLDP,MIWF,HHW,EOLDP
30665,MIWF.HHW.EOLDPAVG,MIWF,HHW,EOLDPAVG
30666,MIWF.HHW.EOLDPO,MIWF,HHW,EOLDPO
30667,MIWF.HHW.EOLDPS,MIWF,HHW,EOLDPS
30668,MIWF.HHW.Heating Valve Output,MIWF,HHW,Heating Valve Output
30669,MIWF.HHW.HEX 1/3O,MIWF,HHW,HEX 1/3O
30670,MIWF.HHW.HEX 2/3O,MIWF,HHW,HEX 2/3O
30671,MIWF.HHW.HEX 42372,MIWF,HHW,HEX 42372
30672,MIWF.HHW.HEX 42403,MIWF,HHW,HEX 42403
30677,MIWF.HHW.HHWPB1_DRIVE KWH,MIWF,HHW,HHWPB1_DRIVE KWH
30678,MIWF.HHW.HHWPB1_FREQ OUTPUT,MIWF,HHW,HHWPB1_FREQ OUTPUT
30679,MIWF.HHW.HHWPB1_POWER,MIWF,HHW,HHWPB1_POWER
30680,MIWF.HHW.HHWPB2_DRIVE KWH,MIWF,HHW,HHWPB2_DRIVE KWH
30681,MIWF.HHW.HHWPB2_FREQ OUTPUT,MIWF,HHW,HHWPB2_FREQ OUTPUT
30682,MIWF.HHW.HHWPB2_POWER,MIWF,HHW,HHWPB2_POWER
30683,MIWF.HHW.Hot Water Flow Switch,MIWF,HHW,Hot Water Flow Switch
30684,MIWF.HHW.Hot Water FlowOK,MIWF,HHW,Hot Water FlowOK
30685,MIWF.HHW.HWSO,MIWF,HHW,HWSO
30686,MIWF.HHW.LAG1PUMP,MIWF,HHW,LAG1PUMP
30687,MIWF.HHW.LEADPUMP,MIWF,HHW,LEADPUMP
30688,MIWF.HHW.Outside Air Enable,MIWF,HHW,Outside Air Enable
30689,MIWF.HHW.Outside Air Temp,MIWF,HHW,Outside Air Temp
30690,MIWF.HHW.Outside Air Temp BLDG,MIWF,HHW,Outside Air Temp BLDG
30691,MIWF.HHW.Pump 1 Speed,MIWF,HHW,Pump 1 Speed
30692,MIWF.HHW.Pump 2 Speed,MIWF,HHW,Pump 2 Speed
30693,MIWF.HHW.PUMPENABLE,MIWF,HHW,PUMPENABLE
30694,MIWF.HHW.Steam Flow Rate,MIWF,HHW,Steam Flow Rate
31374,MRAK.HHW.Building Hot Water Flow,MRAK,HHW,Building Hot Water Flow
31375,MRAK.HHW.Building Hot Water Return Temp,MRAK,HHW,Building Hot Water Return Temp
31376,MRAK.HHW.Building Hot Water Supply Temp,MRAK,HHW,Building Hot Water Supply Temp
31377,MRAK.HHW.Building Hot Water Supply Temp Setpoint,MRAK,HHW,Building Hot Water Supply Temp Setpoint
31378,MRAK.HHW.ENABLE,MRAK,HHW,ENABLE
31379,MRAK.HHW.EOLDP SP,MRAK,HHW,EOLDP SP
31380,MRAK.HHW.Hot Water Flow Switch,MRAK,HHW,Hot Water Flow Switch
31381,MRAK.HHW.Outside Air Enable,MRAK,HHW,Outside Air Enable
31382,MRAK.HHW.Outside Air Temp,MRAK,HHW,Outside Air Temp
31383,MRAK.HHW.Pump 1 Speed,MRAK,HHW,Pump 1 Speed
31384,MRAK.HHW.Pump 1 Status,MRAK,HHW,Pump 1 Status
31385,MRAK.HHW.Pump 2 Speed,MRAK,HHW,Pump 2 Speed
31386,MRAK.HHW.Pump 2 Status,MRAK,HHW,Pump 2 Status
31522,MSB.HHW.Building Hot Water Flow,MSB,HHW,Building Hot Water Flow
31523,MSB.HHW.Building Hot Water Return Temp,MSB,HHW,Building Hot Water Return Temp
31524,MSB.HHW.Building Hot Water Supply Temp,MSB,HHW,Building Hot Water Supply Temp
31525,MSB.HHW.Building Hot Water Supply Temp Setpoint,MSB,HHW,Building Hot Water Supply Temp Setpoint
31526,MSB.HHW.COND TEMP,MSB,HHW,COND TEMP
31528,MSB.HHW.Hot Water Flow Switch,MSB,HHW,Hot Water Flow Switch
31529,MSB.HHW.HWP1,MSB,HHW,HWP1
31530,MSB.HHW.HWPON,MSB,HHW,HWPON
31531,MSB.HHW.Steam Flow Rate Rate,MSB,HHW,Steam Flow Rate Rate
31532,MSB.HHW.Steam Valve Position,MSB,HHW,Steam Valve Position
31533,MSB.HHW.STM PSI,MSB,HHW,STM PSI
31534,MSB.HHW.STM TEMP,MSB,HHW,STM TEMP
31592,MSC.HHW.Building Hot Water Flow,MSC,HHW,Building Hot Water Flow
31593,MSC.HHW.Building Hot Water Return Temp,MSC,HHW,Building Hot Water Return Temp
31594,MSC.HHW.Building Hot Water Supply Temp,MSC,HHW,Building Hot Water Supply Temp
31595,MSC.HHW.Building Hot Water Supply Temp Setpoint,MSC,HHW,Building Hot Water Supply Temp Setpoint
31596,MSC.HHW.Outside Air Temp,MSC,HHW,Outside Air Temp
31616,MSD.HHW.Building Hot Water Return Temp,MSD,HHW,Building Hot Water Return Temp
31617,MSD.HHW.Building Hot Water Supply Temp,MSD,HHW,Building Hot Water Supply Temp
31618,MSD.HHW.Building Hot Water Supply Temp Setpoint,MSD,HHW,Building Hot Water Supply Temp Setpoint
31619,MSD.HHW.ENABLE,MSD,HHW,ENABLE
31620,MSD.HHW.Outside Air Enable,MSD,HHW,Outside Air Enable
31621,MSD.HHW.Outside Air Temp,MSD,HHW,Outside Air Temp
31622,MSD.HHW.Pump1_PROOF,MSD,HHW,Pump1_PROOF
31623,MSD.HHW.Pump 1 Status,MSD,HHW,Pump 1 Status
31624,MSD.HHW.STM VLV,MSD,HHW,STM VLV
31894,MU.HHW. 2/3 Steam Valve Position,MU,HHW,2/3 Steam Valve Position
31895,MU.HHW.1/3 Steam Valve Position,MU,HHW,1/3 Steam Valve Position
31896,MU.HHW.Building Hot Water Flow,MU,HHW,Building Hot Water Flow
31897,MU.HHW.Building Hot Water Return Temp,MU,HHW,Building Hot Water Return Temp
31898,MU.HHW.Building Hot Water Supply Temp,MU,HHW,Building Hot Water Supply Temp
31899,MU.HHW.Building Hot Water Supply Temp Setpoint,MU,HHW,Building Hot Water Supply Temp Setpoint
31900,MU.HHW.ENABLE,MU,HHW,ENABLE
31902,MU.HHW.MBH,MU,HHW,MBH
31903,MU.HHW.Outside Air Enable,MU,HHW,Outside Air Enable
31904,MU.HHW.Outside Air Temp Virt,MU,HHW,Outside Air Temp Virt
31905,MU.HHW.Pump 1 Status,MU,HHW,Pump 1 Status
32146,MU2.HHW.Building Hot Water Supply Temp,MU2,HHW,Building Hot Water Supply Temp
32147,MU2.HHW.Building Hot Water Supply Temp Setpoint,MU2,HHW,Building Hot Water Supply Temp Setpoint
32148,MU2.HHW.ENABLE,MU2,HHW,ENABLE
32150,MU2.HHW.Hot Water Return,MU2,HHW,Hot Water Return
32151,MU2.HHW.Outside Air Enable,MU2,HHW,Outside Air Enable
32152,MU2.HHW.Outside Air Temp,MU2,HHW,Outside Air Temp
32153,MU2.HHW.Pump 1 Status,MU2,HHW,Pump 1 Status
32154,MU2.HHW.STM VLV,MU2,HHW,STM VLV
32180,MUBS.HHW.Building Hot Water Flow,MUBS,HHW,Building Hot Water Flow
32181,MUBS.HHW.Building Hot Water Return Temp,MUBS,HHW,Building Hot Water Return Temp
32182,MUBS.HHW.Building Hot Water Supply Temp,MUBS,HHW,Building Hot Water Supply Temp
32183,MUBS.HHW.Building Hot Water Supply Temp Setpoint,MUBS,HHW,Building Hot Water Supply Temp Setpoint
32184,MUBS.HHW.ENABLE,MUBS,HHW,ENABLE
32186,MUBS.HHW.MBH,MUBS,HHW,MBH
32187,MUBS.HHW.Outside Air Enable,MUBS,HHW,Outside Air Enable
32188,MUBS.HHW.Outside Air Temp,MUBS,HHW,Outside Air Temp
32189,MUBS.HHW.Pump Status,MUBS,HHW,Pump Status
32234,MUSIC.HHW.Building Hot Water Return Temp,MUSIC,HHW,Building Hot Water Return Temp
32235,MUSIC.HHW.Building Hot Water Supply Temp,MUSIC,HHW,Building Hot Water Supply Temp
32236,MUSIC.HHW.Building Hot Water Supply Temp Setpoint,MUSIC,HHW,Building Hot Water Supply Temp Setpoint
32237,MUSIC.HHW.ENABLE,MUSIC,HHW,ENABLE
32239,MUSIC.HHW.Outside Air Enable,MUSIC,HHW,Outside Air Enable
32240,MUSIC.HHW.Outside Air Temp,MUSIC,HHW,Outside Air Temp
32241,MUSIC.HHW.Pump  Speed,MUSIC,HHW,Pump  Speed
32242,MUSIC.HHW.Pump  Status,MUSIC,HHW,Pump  Status
32243,MUSIC.HHW.STMVLV,MUSIC,HHW,STMVLV
32416,N1515.HHW.B1 Status,N1515,HHW,B1 Status
32417,N1515.HHW.B2 Status,N1515,HHW,B2 Status
32418,N1515.HHW.ENABLE,N1515,HHW,ENABLE
32422,N1515.HHW.Pump 1 Speed,N1515,HHW,Pump 1 Speed
32423,N1515.HHW.Pump 1 Status,N1515,HHW,Pump 1 Status
32426,N1515.HHW.SYSTEM ENABLE,N1515,HHW,SYSTEM ENABLE
33694,OLS.HHW.Building Hot Water Flow,OLS,HHW,Building Hot Water Flow
33695,OLS.HHW.Building Hot Water Return Temp,OLS,HHW,Building Hot Water Return Temp
33696,OLS.HHW.Building Hot Water Supply Temp,OLS,HHW,Building Hot Water Supply Temp
33697,OLS.HHW.Building Hot Water Supply Temp Setpoint,OLS,HHW,Building Hot Water Supply Temp Setpoint
33698,OLS.HHW.ENABLE,OLS,HHW,ENABLE
33699,OLS.HHW.EOLDP,OLS,HHW,EOLDP
33700,OLS.HHW.EOLDP SP,OLS,HHW,EOLDP SP
33701,OLS.HHW.Hot Water Flow Switch,OLS,HHW,Hot Water Flow Switch
33702,OLS.HHW.HWP01_FREQ OUTPUT,OLS,HHW,HWP01_FREQ OUTPUT
33703,OLS.HHW.HWP01_PCT OUTPUT,OLS,HHW,HWP01_PCT OUTPUT
33704,OLS.HHW.HWP01_POWER,OLS,HHW,HWP01_POWER
33705,OLS.HHW.HWP02_FREQ OUTPUT,OLS,HHW,HWP02_FREQ OUTPUT
33706,OLS.HHW.HWP02_PCT OUTPUT,OLS,HHW,HWP02_PCT OUTPUT
33707,OLS.HHW.HWP02_POWER,OLS,HHW,HWP02_POWER
33712,OLS.HHW.Outside Air Temp,OLS,HHW,Outside Air Temp
33713,OLS.HHW.Pump 1 Speed,OLS,HHW,Pump 1 Speed
33714,OLS.HHW.Pump 1 Status,OLS,HHW,Pump 1 Status
33715,OLS.HHW.Pump 2 Speed,OLS,HHW,Pump 2 Speed
33716,OLS.HHW.Pump 2 Status,OLS,HHW,Pump 2 Status
33717,OLS.HHW.STEAM VLV,OLS,HHW,STEAM VLV
39453,PES_ICS.HHW.1/3 Steam Valve Position,PES_ICS,HHW,1/3 Steam Valve Position
39454,PES_ICS.HHW.2/3 Steam Valve Position,PES_ICS,HHW,2/3 Steam Valve Position
39455,PES_ICS.HHW.Building Hot Water Flow,PES_ICS,HHW,Building Hot Water Flow
39456,PES_ICS.HHW.Building Hot Water Return Temp,PES_ICS,HHW,Building Hot Water Return Temp
39457,PES_ICS.HHW.Building Hot Water Supply Temp,PES_ICS,HHW,Building Hot Water Supply Temp
39458,PES_ICS.HHW.Building Hot Water Supply Temp Setpoint,PES_ICS,HHW,Building Hot Water Supply Temp Setpoint
39459,PES_ICS.HHW.CondensateTemp,PES_ICS,HHW,CondensateTemp
39460,PES_ICS.HHW.ENABLE,PES_ICS,HHW,ENABLE
39461,PES_ICS.HHW.EOLDP 1,PES_ICS,HHW,EOLDP 1
39462,PES_ICS.HHW.EOLDP 2,PES_ICS,HHW,EOLDP 2
39463,PES_ICS.HHW.EOLDP 3,PES_ICS,HHW,EOLDP 3
39464,PES_ICS.HHW.EOLDP SP,PES_ICS,HHW,EOLDP SP
39467,PES_ICS.HHW.Hot Water Flow,PES_ICS,HHW,Hot Water Flow
39468,PES_ICS.HHW.MBH,PES_ICS,HHW,MBH
39469,PES_ICS.HHW.Outside Air Enable,PES_ICS,HHW,Outside Air Enable
39470,PES_ICS.HHW.Outside Air Temp Virt,PES_ICS,HHW,Outside Air Temp Virt
39471,PES_ICS.HHW.Pump4_Start/Stop,PES_ICS,HHW,Pump4_Start/Stop
39472,PES_ICS.HHW.PEAKFLOW,PES_ICS,HHW,PEAKFLOW
39473,PES_ICS.HHW.Pump 3 Speed,PES_ICS,HHW,Pump 3 Speed
39474,PES_ICS.HHW.Pump 3 Status,PES_ICS,HHW,Pump 3 Status
39475,PES_ICS.HHW.Pump 4 Speed,PES_ICS,HHW,Pump 4 Speed
39476,PES_ICS.HHW.Pump 4 Status,PES_ICS,HHW,Pump 4 Status
39479,PES_ICS.HHW.Steam Flow Rate,PES_ICS,HHW,Steam Flow Rate
39480,PES_ICS.HHW.THERMS,PES_ICS,HHW,THERMS
39481,PES_ICS.HHW.THERMSH,PES_ICS,HHW,THERMSH
39482,PES_ICS.HHW.Total Hot Water Flow,PES_ICS,HHW,Total Hot Water Flow
39981,PHSL.HHW.Building Hot Water Flow,PHSL,HHW,Building Hot Water Flow
39982,PHSL.HHW.Building Hot Water Return Temp,PHSL,HHW,Building Hot Water Return Temp
39983,PHSL.HHW.Building Hot Water Supply Temp,PHSL,HHW,Building Hot Water Supply Temp
39984,PHSL.HHW.Building Hot Water Supply Temp Setpoint,PHSL,HHW,Building Hot Water Supply Temp Setpoint
39985,PHSL.HHW.ENABLE,PHSL,HHW,ENABLE
39986,PHSL.HHW.Hot Water Flow Switch,PHSL,HHW,Hot Water Flow Switch
39987,PHSL.HHW.Outside Air Enable,PHSL,HHW,Outside Air Enable
39988,PHSL.HHW.Outside Air Temp,PHSL,HHW,Outside Air Temp
39989,PHSL.HHW.Pump 1 Speed,PHSL,HHW,Pump 1 Speed
39990,PHSL.HHW.Pump 1 Status,PHSL,HHW,Pump 1 Status
39991,PHSL.HHW.Pump 2 Speed,PHSL,HHW,Pump 2 Speed
39992,PHSL.HHW.Pump 2 Status,PHSL,HHW,Pump 2 Status
39993,PHSL.HHW.STMVLV,PHSL,HHW,STMVLV
40075,PH_GEO.HHW.1/3 Steam Valve Position,PH_GEO,HHW,1/3 Steam Valve Position
40076,PH_GEO.HHW.2/3 Steam Valve Position,PH_GEO,HHW,2/3 Steam Valve Position
40077,PH_GEO.HHW.BUILD DP,PH_GEO,HHW,BUILD DP
40078,PH_GEO.HHW.Building Hot Water Flow,PH_GEO,HHW,Building Hot Water Flow
40079,PH_GEO.HHW.Building Hot Water Return Temp,PH_GEO,HHW,Building Hot Water Return Temp
40080,PH_GEO.HHW.Building Hot Water Supply Temp,PH_GEO,HHW,Building Hot Water Supply Temp
40081,PH_GEO.HHW.Building Hot Water Supply Temp Setpoint,PH_GEO,HHW,Building Hot Water Supply Temp Setpoint
40082,PH_GEO.HHW.ENABLE,PH_GEO,HHW,ENABLE
40083,PH_GEO.HHW.EOLDP,PH_GEO,HHW,EOLDP
40084,PH_GEO.HHW.EOLDP SP,PH_GEO,HHW,EOLDP SP
40085,PH_GEO.HHW.HEX 1_3 Staefa,PH_GEO,HHW,HEX 1_3 Staefa
40086,PH_GEO.HHW.Hot Water Flow Switch,PH_GEO,HHW,Hot Water Flow Switch
40087,PH_GEO.HHW.LEADLAG,PH_GEO,HHW,LEADLAG
40088,PH_GEO.HHW.MBH,PH_GEO,HHW,MBH
40089,PH_GEO.HHW.Outside Air Enable,PH_GEO,HHW,Outside Air Enable
40090,PH_GEO.HHW.Outside Air Temp,PH_GEO,HHW,Outside Air Temp
40091,PH_GEO.HHW.Pump1_SVB,PH_GEO,HHW,Pump1_SVB
40092,PH_GEO.HHW.Pump2_SVB,PH_GEO,HHW,Pump2_SVB
40093,PH_GEO.HHW.Pump 1 Speed,PH_GEO,HHW,Pump 1 Speed
40094,PH_GEO.HHW.Pump 1 Status,PH_GEO,HHW,Pump 1 Status
40095,PH_GEO.HHW.Pump 2 Speed,PH_GEO,HHW,Pump 2 Speed
40096,PH_GEO.HHW.Pump 2 Status,PH_GEO,HHW,Pump 2 Status
40097,PH_GEO.HHW.Pump 3 Speed,PH_GEO,HHW,Pump 3 Speed
40098,PH_GEO.HHW.Pump 3 Status,PH_GEO,HHW,Pump 3 Status
40566,PRB.HHW.Building Hot Water Return Temp,PRB,HHW,Building Hot Water Return Temp
40567,PRB.HHW.Building Hot Water Supply Temp,PRB,HHW,Building Hot Water Supply Temp
40568,PRB.HHW.ENABLE,PRB,HHW,ENABLE
40571,PRB.HHW.Outside Air Enable,PRB,HHW,Outside Air Enable
40572,PRB.HHW.Outside Air Temp,PRB,HHW,Outside Air Temp
40573,PRB.HHW.Pump 1 Speed,PRB,HHW,Pump 1 Speed
40574,PRB.HHW.Pump 1 Status,PRB,HHW,Pump 1 Status
40575,PRB.HHW.Pump 2 Speed,PRB,HHW,Pump 2 Speed
40576,PRB.HHW.Pump 2 Status,PRB,HHW,Pump 2 Status
41461,ROBN.HHW.Building Hot Water Flow,ROBN,HHW,Building Hot Water Flow
41462,ROBN.HHW.Building Hot Water Return Temp,ROBN,HHW,Building Hot Water Return Temp
41463,ROBN.HHW.Building Hot Water Supply Temp,ROBN,HHW,Building Hot Water Supply Temp
41464,ROBN.HHW.Building Hot Water Supply Temp Setpoint,ROBN,HHW,Building Hot Water Supply Temp Setpoint
41465,ROBN.HHW.ENABLE,ROBN,HHW,ENABLE
41466,ROBN.HHW.EOLDP,ROBN,HHW,EOLDP
41467,ROBN.HHW.EOLDP SP,ROBN,HHW,EOLDP SP
41468,ROBN.HHW.Outside Air Temp,ROBN,HHW,Outside Air Temp
41469,ROBN.HHW.Pump1_Start/Stop,ROBN,HHW,Pump1_Start/Stop
41470,ROBN.HHW.Pump2_Start/Stop,ROBN,HHW,Pump2_Start/Stop
41471,ROBN.HHW.Pump 1 Speed,ROBN,HHW,Pump 1 Speed
41472,ROBN.HHW.Pump 1 Speed Feedback,ROBN,HHW,Pump 1 Speed Feedback
41473,ROBN.HHW.Pump 1 Status,ROBN,HHW,Pump 1 Status
41474,ROBN.HHW.Pump 2 Speed,ROBN,HHW,Pump 2 Speed
41475,ROBN.HHW.Pump 2 Speed Feedback,ROBN,HHW,Pump 2 Speed Feedback
41476,ROBN.HHW.Pump 2 Status,ROBN,HHW,Pump 2 Status
41477,ROBN.HHW.STEAM VLV,ROBN,HHW,STEAM VLV
41853,ROBS.HHW.Building Hot Water Flow,ROBS,HHW,Building Hot Water Flow
41854,ROBS.HHW.Building Hot Water Return Temp,ROBS,HHW,Building Hot Water Return Temp
41855,ROBS.HHW.Building Hot Water Supply Temp,ROBS,HHW,Building Hot Water Supply Temp
41856,ROBS.HHW.Building Hot Water Supply Temp Setpoint,ROBS,HHW,Building Hot Water Supply Temp Setpoint
41857,ROBS.HHW.ENABLE,ROBS,HHW,ENABLE
41858,ROBS.HHW.EOLDP,ROBS,HHW,EOLDP
41859,ROBS.HHW.EOLDP SP,ROBS,HHW,EOLDP SP
41860,ROBS.HHW.Hot Water Flow Switch,ROBS,HHW,Hot Water Flow Switch
41861,ROBS.HHW.Pump1_Start/Stop,ROBS,HHW,Pump1_Start/Stop
41862,ROBS.HHW.Pump2_Start/Stop,ROBS,HHW,Pump2_Start/Stop
41863,ROBS.HHW.Pump 1 Speed,ROBS,HHW,Pump 1 Speed
41864,ROBS.HHW.Pump 1 Speed Feedback,ROBS,HHW,Pump 1 Speed Feedback
41865,ROBS.HHW.Pump 1 Status,ROBS,HHW,Pump 1 Status
41866,ROBS.HHW.Pump 2 Speed,ROBS,HHW,Pump 2 Speed
41867,ROBS.HHW.Pump 2 Speed Feedback,ROBS,HHW,Pump 2 Speed Feedback
41868,ROBS.HHW.Pump 2 Status,ROBS,HHW,Pump 2 Status
41869,ROBS.HHW.STEAM PSI,ROBS,HHW,STEAM PSI
42070,ROES.HHW.SYSTEM10_DELTA TEMP,ROES,HHW,SYSTEM10_DELTA TEMP
42071,ROES.HHW.SYSTEM10_ENERGY RATE,ROES,HHW,SYSTEM10_ENERGY RATE
42072,ROES.HHW.SYSTEM10_RETURNTEMP,ROES,HHW,SYSTEM10_RETURNTEMP
42073,ROES.HHW.SYSTEM10_SUPPLYTEMP,ROES,HHW,SYSTEM10_SUPPLYTEMP
42074,ROES.HHW.SYSTEM10_VOLUME RATE,ROES,HHW,SYSTEM10_VOLUME RATE
42161,RYER.HHW.ISOVLV,RYER,HHW,ISOVLV
42162,RYER.HHW.MODVLV,RYER,HHW,MODVLV
42738,SCC.HHW.Building Hot Water Flow,SCC,HHW,Building Hot Water Flow
42739,SCC.HHW.Building Hot Water Return Temp,SCC,HHW,Building Hot Water Return Temp
42740,SCC.HHW.Building Hot Water Supply Temp,SCC,HHW,Building Hot Water Supply Temp
42741,SCC.HHW.Building Hot Water Supply Temp Setpoint,SCC,HHW,Building Hot Water Supply Temp Setpoint
42743,SCC.HHW.ENABLE,SCC,HHW,ENABLE
42749,SCC.HHW.HWSO,SCC,HHW,HWSO
42750,SCC.HHW.HX1/4,SCC,HHW,HX1/4
42751,SCC.HHW.HX1/4O,SCC,HHW,HX1/4O
42752,SCC.HHW.HX3/4,SCC,HHW,HX3/4
42753,SCC.HHW.HX3/4O,SCC,HHW,HX3/4O
42754,SCC.HHW.LEADLAG,SCC,HHW,LEADLAG
42755,SCC.HHW.Outside Air Enable,SCC,HHW,Outside Air Enable
42756,SCC.HHW.OA LOW,SCC,HHW,OA LOW
42757,SCC.HHW.OA OK,SCC,HHW,OA OK
42758,SCC.HHW.Outside Air Temp Virt,SCC,HHW,Outside Air Temp Virt
42759,SCC.HHW.Pump 1 Status,SCC,HHW,Pump 1 Status
42760,SCC.HHW.Pump 2 Status,SCC,HHW,Pump 2 Status
42842,SCHM.HHW.Building Hot Water Return Temp,SCHM,HHW,Building Hot Water Return Temp
42843,SCHM.HHW.Building Hot Water Supply Temp,SCHM,HHW,Building Hot Water Supply Temp
42844,SCHM.HHW.Building Hot Water Supply Temp Setpoint,SCHM,HHW,Building Hot Water Supply Temp Setpoint
42845,SCHM.HHW.COND Status,SCHM,HHW,COND Status
42846,SCHM.HHW.COND TEMP,SCHM,HHW,COND TEMP
42847,SCHM.HHW.HEXVALVE,SCHM,HHW,HEXVALVE
42848,SCHM.HHW.Hot Water Flow,SCHM,HHW,Hot Water Flow
42849,SCHM.HHW.Hot Water Flow Switch,SCHM,HHW,Hot Water Flow Switch
42850,SCHM.HHW.HWP1,SCHM,HHW,HWP1
42851,SCHM.HHW.Steam Flow Rate,SCHM,HHW,Steam Flow Rate
42852,SCHM.HHW.Steam Valve Position,SCHM,HHW,Steam Valve Position
42853,SCHM.HHW.STM PSI,SCHM,HHW,STM PSI
42854,SCHM.HHW.STM TEMP,SCHM,HHW,STM TEMP
44527,SHIELDS_EXP.HHW.Building Hot Water Flow,SHIELDS_EXP,HHW,Building Hot Water Flow
44528,SHIELDS_OLD_RM62.HHW.Building Hot Water Flow,SHIELDS_OLD_RM62,HHW,Building Hot Water Flow
44529,SHIELDS_OLD_RM65.HHW.Building Hot Water Flow,SHIELDS_OLD_RM65,HHW,Building Hot Water Flow
44820,SLAB.HHW.BLDGDP1,SLAB,HHW,BLDGDP1
44821,SLAB.HHW.BLDGDP2,SLAB,HHW,BLDGDP2
44822,SLAB.HHW.BLDGFLOW,SLAB,HHW,BLDGFLOW
44823,SLAB.HHW.Building Hot Water Supply Temp,SLAB,HHW,Building Hot Water Supply Temp
44824,SLAB.HHW.Call,SLAB,HHW,Call
44827,SLAB.HHW.ENABLE,SLAB,HHW,ENABLE
44828,SLAB.HHW.EOLDPSP,SLAB,HHW,EOLDPSP
44829,SLAB.HHW.FLOWSW,SLAB,HHW,FLOWSW
44831,SLAB.HHW.HWP1,SLAB,HHW,HWP1
44833,SLAB.HHW.HWP2,SLAB,HHW,HWP2
44835,SLAB.HHW.Hot Water Return,SLAB,HHW,Hot Water Return
44836,SLAB.HHW.Outside Air Temp,SLAB,HHW,Outside Air Temp
44837,SLAB.HHW.OSAOK,SLAB,HHW,OSAOK
44840,SLAB.HHW.STMV1O,SLAB,HHW,STMV1O
44841,SLAB.HHW.STMV2O,SLAB,HHW,STMV2O
44842,SLAB.HHW.STMVLV1_3,SLAB,HHW,STMVLV1_3
44843,SLAB.HHW.STMVLV2_3,SLAB,HHW,STMVLV2_3
44844,SLAB.HHW.VIRTUALFLOWSW,SLAB,HHW,VIRTUALFLOWSW
44958,SLEC.HHW.Building Hot Water Supply Temp,SLEC,HHW,Building Hot Water Supply Temp
45283,SMOA.HHW.BLR1_FIRING RATE,SMOA,HHW,BLR1_FIRING RATE
45284,SMOA.HHW.BLR1_HX TEMP,SMOA,HHW,BLR1_HX TEMP
45285,SMOA.HHW.BLR1_RETURN TEMP,SMOA,HHW,BLR1_RETURN TEMP
45286,SMOA.HHW.BLR1_SUPPLY TEMP,SMOA,HHW,BLR1_SUPPLY TEMP
45294,SMOA.HHW.BLR2_FIRING RATE,SMOA,HHW,BLR2_FIRING RATE
45295,SMOA.HHW.BLR2_HX TEMP,SMOA,HHW,BLR2_HX TEMP
45296,SMOA.HHW.BLR2_RETURN TEMP,SMOA,HHW,BLR2_RETURN TEMP
45297,SMOA.HHW.BLR2_SUPPLY TEMP,SMOA,HHW,BLR2_SUPPLY TEMP
45298,SMOA.HHW.BLRSEQ,SMOA,HHW,BLRSEQ
45299,SMOA.HHW.BTUMETER_ENERGY RATE,SMOA,HHW,BTUMETER_ENERGY RATE
45300,SMOA.HHW.BTUMETER_M1 ENER TOTL,SMOA,HHW,BTUMETER_M1 ENER TOTL
45301,SMOA.HHW.BTUMETER_RETURN TEMP,SMOA,HHW,BTUMETER_RETURN TEMP
45302,SMOA.HHW.BTUMETER_SUPPLY TEMP,SMOA,HHW,BTUMETER_SUPPLY TEMP
45303,SMOA.HHW.BTUMETER_VOLUME RATE,SMOA,HHW,BTUMETER_VOLUME RATE
45304,SMOA.HHW.Building Hot Water Flow,SMOA,HHW,Building Hot Water Flow
45305,SMOA.HHW.Building Hot Water Return Temp,SMOA,HHW,Building Hot Water Return Temp
45306,SMOA.HHW.Building Hot Water Supply Temp,SMOA,HHW,Building Hot Water Supply Temp
45307,SMOA.HHW.BYPVALVE,SMOA,HHW,BYPVALVE
45308,SMOA.HHW.EOLDP,SMOA,HHW,EOLDP
45315,SMOA.HHW.HWP1VFD_DRIVE MWH,SMOA,HHW,HWP1VFD_DRIVE MWH
45316,SMOA.HHW.HWP1VFD_DRIVE TEMP,SMOA,HHW,HWP1VFD_DRIVE TEMP
45317,SMOA.HHW.HWP1VFD_POWER,SMOA,HHW,HWP1VFD_POWER
45321,SMOA.HHW.HWP2VFD_DRIVE MWH,SMOA,HHW,HWP2VFD_DRIVE MWH
45322,SMOA.HHW.HWP2VFD_DRIVE TEMP,SMOA,HHW,HWP2VFD_DRIVE TEMP
45323,SMOA.HHW.HWP2VFD_POWER,SMOA,HHW,HWP2VFD_POWER
45325,SMOA.HHW.LAGSYSTEM,SMOA,HHW,LAGSYSTEM
45326,SMOA.HHW.MAXFIRINGRATE,SMOA,HHW,MAXFIRINGRATE
45328,SMOA.HHW.OAHUM,SMOA,HHW,OAHUM
45329,SMOA.HHW.Outside Air Temp,SMOA,HHW,Outside Air Temp
45331,SMOA.HHW.Outside Air Temp VirtO2,SMOA,HHW,Outside Air Temp VirtO2
45332,SMOA.HHW.Pump 1 Speed,SMOA,HHW,Pump 1 Speed
45333,SMOA.HHW.Pump 1 Status,SMOA,HHW,Pump 1 Status
45334,SMOA.HHW.Pump 2 Speed,SMOA,HHW,Pump 2 Speed
45335,SMOA.HHW.Pump 2 Status,SMOA,HHW,Pump 2 Status
45336,SMOA.HHW.PUMPSEQ,SMOA,HHW,PUMPSEQ
45338,SMOA.HHW.SYSTEM,SMOA,HHW,SYSTEM
47077,SOCS.HHW.1/3 Steam Valve Position,SOCS,HHW,1/3 Steam Valve Position
47078,SOCS.HHW.2/3 Steam Valve Position,SOCS,HHW,2/3 Steam Valve Position
47079,SOCS.HHW.Building Hot Water Flow,SOCS,HHW,Building Hot Water Flow
47080,SOCS.HHW.Building Hot Water Return Temp,SOCS,HHW,Building Hot Water Return Temp
47081,SOCS.HHW.Building Hot Water Supply Temp,SOCS,HHW,Building Hot Water Supply Temp
47082,SOCS.HHW.Building Hot Water Supply Temp Setpoint,SOCS,HHW,Building Hot Water Supply Temp Setpoint
47083,SOCS.HHW.ENABLE,SOCS,HHW,ENABLE
47084,SOCS.HHW.EOLDP,SOCS,HHW,EOLDP
47085,SOCS.HHW.EOLDP SP,SOCS,HHW,EOLDP SP
47086,SOCS.HHW.Hot Water Flow Switch,SOCS,HHW,Hot Water Flow Switch
47087,SOCS.HHW.MBH,SOCS,HHW,MBH
47088,SOCS.HHW.Outside Air Enable,SOCS,HHW,Outside Air Enable
47089,SOCS.HHW.Outside Air Temp,SOCS,HHW,Outside Air Temp
47090,SOCS.HHW.Pump 1 Speed,SOCS,HHW,Pump 1 Speed
47091,SOCS.HHW.Pump 1 Status,SOCS,HHW,Pump 1 Status
47092,SOCS.HHW.Pump 2 Speed,SOCS,HHW,Pump 2 Speed
47093,SOCS.HHW.Pump 2 Status,SOCS,HHW,Pump 2 Status
47094,SOCS.HHW.THERMSH,SOCS,HHW,THERMSH
47116,SPRL.HHW.Building Hot Water Return Temp,SPRL,HHW,Building Hot Water Return Temp
47117,SPRL.HHW.Building Hot Water Supply Temp,SPRL,HHW,Building Hot Water Supply Temp
47118,SPRL.HHW.Building Hot Water Supply Temp Setpoint,SPRL,HHW,Building Hot Water Supply Temp Setpoint
47119,SPRL.HHW.ENABLE,SPRL,HHW,ENABLE
47709,SSC.HHW.2NDSTAGE,SSC,HHW,2NDSTAGE
47710,SSC.HHW.Building Hot Water Return Temp,SSC,HHW,Building Hot Water Return Temp
47711,SSC.HHW.Building Hot Water Supply Temp,SSC,HHW,Building Hot Water Supply Temp
47712,SSC.HHW.Building Hot Water Supply Temp Setpoint,SSC,HHW,Building Hot Water Supply Temp Setpoint
47714,SSC.HHW.Condensate Flow Rate,SSC,HHW,Condensate Flow Rate
47715,SSC.HHW.Condensate Flow RateUTILITY,SSC,HHW,Condensate Flow RateUTILITY
47716,SSC.HHW.ENABLE,SSC,HHW,ENABLE
47719,SSC.HHW.HWD,SSC,HHW,HWD
47721,SSC.HHW.HWSO,SSC,HHW,HWSO
47722,SSC.HHW.HX1 1/4,SSC,HHW,HX1 1/4
47723,SSC.HHW.HX1 3/4,SSC,HHW,HX1 3/4
47724,SSC.HHW.HX1 42373,SSC,HHW,HX1 42373
47725,SSC.HHW.HX1 42433,SSC,HHW,HX1 42433
47731,SSC.HHW.HX2 1/4,SSC,HHW,HX2 1/4
47732,SSC.HHW.HX2 3/4,SSC,HHW,HX2 3/4
47733,SSC.HHW.HX2 42373,SSC,HHW,HX2 42373
47734,SSC.HHW.HX2 42433,SSC,HHW,HX2 42433
47740,SSC.HHW.MBH,SSC,HHW,MBH
47741,SSC.HHW.Outside Air Enable,SSC,HHW,Outside Air Enable
47742,SSC.HHW.Outside Air Temp Virt,SSC,HHW,Outside Air Temp Virt
47743,SSC.HHW.Pump 1 Speed,SSC,HHW,Pump 1 Speed
47744,SSC.HHW.Pump 1 Status,SSC,HHW,Pump 1 Status
47745,SSC.HHW.Pump 2 Speed,SSC,HHW,Pump 2 Speed
47746,SSC.HHW.Pump 2 Status,SSC,HHW,Pump 2 Status
47747,SSC.HHW.PUMP DP,SSC,HHW,PUMP DP
47748,SSC.HHW.PUMP DP SP,SSC,HHW,PUMP DP SP
48776,STOR.HHW.1/3 Steam Valve Position,STOR,HHW,1/3 Steam Valve Position
48777,STOR.HHW.2/3 Steam Valve Position,STOR,HHW,2/3 Steam Valve Position
48778,STOR.HHW.Building Hot Water Supply Temp Setpoint,STOR,HHW,Building Hot Water Supply Temp Setpoint
48779,STOR.HHW.COND1 STATUS,STOR,HHW,COND1 STATUS
48780,STOR.HHW.COND2 STATUS,STOR,HHW,COND2 STATUS
48781,STOR.HHW.ENABLE,STOR,HHW,ENABLE
48782,STOR.HHW.EOLDP,STOR,HHW,EOLDP
48783,STOR.HHW.EOLDP SP,STOR,HHW,EOLDP SP
48784,STOR.HHW.HIGH LOW,STOR,HHW,HIGH LOW
48785,STOR.HHW.Hot Water Flow Switch,STOR,HHW,Hot Water Flow Switch
48786,STOR.HHW.Outside Air Enable,STOR,HHW,Outside Air Enable
48787,STOR.HHW.Outside Air Temp,STOR,HHW,Outside Air Temp
48788,STOR.HHW.Pump3_Start/Stop,STOR,HHW,Pump3_Start/Stop
48789,STOR.HHW.Pump3_VFD_FREQ OUTPUT,STOR,HHW,Pump3_VFD_FREQ OUTPUT
48790,STOR.HHW.Pump3_VFD_PCT OUTPUT,STOR,HHW,Pump3_VFD_PCT OUTPUT
48791,STOR.HHW.Pump3_VFD_POWER,STOR,HHW,Pump3_VFD_POWER
48792,STOR.HHW.P3_P4 TOTAL POWER,STOR,HHW,P3_P4 TOTAL POWER
48793,STOR.HHW.Pump4_Start/Stop,STOR,HHW,Pump4_Start/Stop
48794,STOR.HHW.Pump4_VFD_FREQ OUTPUT,STOR,HHW,Pump4_VFD_FREQ OUTPUT
48795,STOR.HHW.Pump4_VFD_PCT OUTPUT,STOR,HHW,Pump4_VFD_PCT OUTPUT
48796,STOR.HHW.Pump4_VFD_POWER,STOR,HHW,Pump4_VFD_POWER
48797,STOR.HHW.Pump 3 Speed,STOR,HHW,Pump 3 Speed
48798,STOR.HHW.Pump 3 Status,STOR,HHW,Pump 3 Status
48800,STOR.HHW.Pump 4 Speed,STOR,HHW,Pump 4 Speed
48801,STOR.HHW.Pump 4 Status,STOR,HHW,Pump 4 Status
48803,STOR.HHW.STM PSI,STOR,HHW,STM PSI
48808,STORER.HHW.Building Hot Water Flow,STORER,HHW,Building Hot Water Flow
48809,STORER.HHW.Building Hot Water Return Temp,STORER,HHW,Building Hot Water Return Temp
48810,STORER.HHW.Building Hot Water Supply Temp,STORER,HHW,Building Hot Water Supply Temp
48811,STORER.HHW.MBH,STORER,HHW,MBH
48812,STORER.HHW.THERMSH,STORER,HHW,THERMSH
49070,SURGE3_NW.HHW.Building Hot Water Flow,SURGE3_NW,HHW,Building Hot Water Flow
49071,SURGE3_SW.HHW.Building Hot Water Flow,SURGE3_SW,HHW,Building Hot Water Flow
49143,SWL.HHW.Building Hot Water Flow,SWL,HHW,Building Hot Water Flow
49144,SWL.HHW.Building Hot Water Return Temp,SWL,HHW,Building Hot Water Return Temp
49145,SWL.HHW.Building Hot Water Supply Temp,SWL,HHW,Building Hot Water Supply Temp
49650,TAPS.HHW.Building Hot Water Return Temp,TAPS,HHW,Building Hot Water Return Temp
49651,TAPS.HHW.Building Hot Water Supply Temp,TAPS,HHW,Building Hot Water Supply Temp
49652,TAPS.HHW.Hot Water Flow Switch,TAPS,HHW,Hot Water Flow Switch
49653,TAPS.HHW.MAXVAVHWV,TAPS,HHW,MAXVAVHWV
49654,TAPS.HHW.Pump 1 Status,TAPS,HHW,Pump 1 Status
49655,TAPS.HHW.SYSTEM,TAPS,HHW,SYSTEM
50016,TCAMP.HHW.1/3 Steam Valve Position,TCAMP,HHW,1/3 Steam Valve Position
50017,TCAMP.HHW.2/3 Steam Valve Position,TCAMP,HHW,2/3 Steam Valve Position
50018,TCAMP.HHW.Average Hot Water Flow,TCAMP,HHW,Average Hot Water Flow
50019,TCAMP.HHW.Building Hot Water Return Temp,TCAMP,HHW,Building Hot Water Return Temp
50020,TCAMP.HHW.Building Hot Water Supply Temp,TCAMP,HHW,Building Hot Water Supply Temp
50021,TCAMP.HHW.Building Hot Water Supply Temp Setpoint,TCAMP,HHW,Building Hot Water Supply Temp Setpoint
50022,TCAMP.HHW.Condensate Flow RateUTILITY,TCAMP,HHW,Condensate Flow RateUTILITY
50023,TCAMP.HHW.ENABLE,TCAMP,HHW,ENABLE
50024,TCAMP.HHW.HEX 1/4O,TCAMP,HHW,HEX 1/4O
50025,TCAMP.HHW.HEX 3/4O,TCAMP,HHW,HEX 3/4O
50026,TCAMP.HHW.HEX 42373,TCAMP,HHW,HEX 42373
50027,TCAMP.HHW.HEX 42433,TCAMP,HHW,HEX 42433
50028,TCAMP.HHW.Hot Water Flow,TCAMP,HHW,Hot Water Flow
50029,TCAMP.HHW.Hot Water Flow Switch,TCAMP,HHW,Hot Water Flow Switch
50030,TCAMP.HHW.HWDT,TCAMP,HHW,HWDT
50031,TCAMP.HHW.HWSO,TCAMP,HHW,HWSO
50032,TCAMP.HHW.PUMPENABLE,TCAMP,HHW,PUMPENABLE
50565,TER1.HHW.1/3 Steam Valve Position,TER1,HHW,1/3 Steam Valve Position
50566,TER1.HHW.2/3 Steam Valve Position,TER1,HHW,2/3 Steam Valve Position
50567,TER1.HHW.Average Hot Water Flow,TER1,HHW,Average Hot Water Flow
50568,TER1.HHW.Building Hot Water Return Temp,TER1,HHW,Building Hot Water Return Temp
50569,TER1.HHW.Building Hot Water Supply Temp,TER1,HHW,Building Hot Water Supply Temp
50570,TER1.HHW.Building Hot Water Supply Temp Setpoint,TER1,HHW,Building Hot Water Supply Temp Setpoint
50571,TER1.HHW.ENABLE,TER1,HHW,ENABLE
50572,TER1.HHW.HEX 1/3O,TER1,HHW,HEX 1/3O
50573,TER1.HHW.HEX 2/3O,TER1,HHW,HEX 2/3O
50574,TER1.HHW.HEX 42372,TER1,HHW,HEX 42372
50575,TER1.HHW.HEX 42403,TER1,HHW,HEX 42403
50576,TER1.HHW.Hot Water Flow,TER1,HHW,Hot Water Flow
50577,TER1.HHW.Hot Water Flow Switch,TER1,HHW,Hot Water Flow Switch
50578,TER1.HHW.HWDT,TER1,HHW,HWDT
50579,TER1.HHW.HWSO,TER1,HHW,HWSO
50580,TER1.HHW.MBTU/HR,TER1,HHW,MBTU/HR
50581,TER1.HHW.MBTUUSAGE,TER1,HHW,MBTUUSAGE
50582,TER1.HHW.PUMPENABLE,TER1,HHW,PUMPENABLE
51090,TERC.HHW.BLDG DP,TERC,HHW,BLDG DP
51091,TERC.HHW.ENABLE,TERC,HHW,ENABLE
51092,TERC.HHW.HEATINGSWITCH,TERC,HHW,HEATINGSWITCH
51093,TERC.HHW.HWAVAILABLE,TERC,HHW,HWAVAILABLE
51094,TERC.HHW.Hot Water Return,TERC,HHW,Hot Water Return
51095,TERC.HHW.HWS,TERC,HHW,HWS
51096,TERC.HHW.Outside Air Temp,TERC,HHW,Outside Air Temp
51097,TERC.HHW.Pump 1 Speed,TERC,HHW,Pump 1 Speed
51098,TERC.HHW.Pump 1 Status,TERC,HHW,Pump 1 Status
52157,THUR.HHW.Building Hot Water Flow,THUR,HHW,Building Hot Water Flow
52158,THUR.HHW.Building Hot Water Return Temp,THUR,HHW,Building Hot Water Return Temp
52159,THUR.HHW.Building Hot Water Supply Temp,THUR,HHW,Building Hot Water Supply Temp
52160,THUR.HHW.ENABLE,THUR,HHW,ENABLE
52162,THUR.HHW.Hot Water Return,THUR,HHW,Hot Water Return
52163,THUR.HHW.HHWS,THUR,HHW,HHWS
52166,THUR.HHW.HWP2A_FREQ OUTPUT,THUR,HHW,HWP2A_FREQ OUTPUT
52167,THUR.HHW.HWP2A_PCT OUTPUT,THUR,HHW,HWP2A_PCT OUTPUT
52168,THUR.HHW.HWP2A_POWER,THUR,HHW,HWP2A_POWER
52173,THUR.HHW.HWP2B_FREQ OUTPUT,THUR,HHW,HWP2B_FREQ OUTPUT
52174,THUR.HHW.HWP2B_PCT OUTPUT,THUR,HHW,HWP2B_PCT OUTPUT
52175,THUR.HHW.HWP2B_POWER,THUR,HHW,HWP2B_POWER
52176,THUR.HHW.Outside Air Temp,THUR,HHW,Outside Air Temp
52183,THUR.HHW.Pump 2A Speed,THUR,HHW,Pump 2A Speed
52184,THUR.HHW.Pump 2A Status,THUR,HHW,Pump 2A Status
52185,THUR.HHW.Pump 2B Speed,THUR,HHW,Pump 2B Speed
52186,THUR.HHW.Pump 2B Status,THUR,HHW,Pump 2B Status
52187,THUR.HHW.STEAMVALVE,THUR,HHW,STEAMVALVE
53804,TUPP.HHW.Building Hot Water Supply Temp,TUPP,HHW,Building Hot Water Supply Temp
53805,TUPP.HHW.Building Hot Water Supply Temp Sp,TUPP,HHW,Building Hot Water Supply Temp Sp
55844,VM2.HHW.Building Hot Water Supply Temp,VM2,HHW,Building Hot Water Supply Temp
61079,VM3A.HHW.1ST STAGE,VM3A,HHW,1ST STAGE
61080,VM3A.HHW.2ND STAGE,VM3A,HHW,2ND STAGE
61081,VM3A.HHW.2PUMPREQ,VM3A,HHW,2PUMPREQ
61082,VM3A.HHW.ALARMENABLE,VM3A,HHW,ALARMENABLE
61083,VM3A.HHW.AVAILABLE,VM3A,HHW,AVAILABLE
61084,VM3A.HHW.Building Hot Water Flow,VM3A,HHW,Building Hot Water Flow
61085,VM3A.HHW.Building Hot Water Return Temp,VM3A,HHW,Building Hot Water Return Temp
61086,VM3A.HHW.Building Hot Water Supply Temp,VM3A,HHW,Building Hot Water Supply Temp
61087,VM3A.HHW.Building Hot Water Supply Temp Setpoint,VM3A,HHW,Building Hot Water Supply Temp Setpoint
61088,VM3A.HHW.DO31,VM3A,HHW,DO31
61089,VM3A.HHW.DO31Virt,VM3A,HHW,DO31Virt
61090,VM3A.HHW.DO32,VM3A,HHW,DO32
61091,VM3A.HHW.DO32Virt,VM3A,HHW,DO32Virt
61092,VM3A.HHW.ENABLE,VM3A,HHW,ENABLE
61093,VM3A.HHW.EOLDP,VM3A,HHW,EOLDP
61094,VM3A.HHW.Heating Valve Output,VM3A,HHW,Heating Valve Output
61095,VM3A.HHW.HEX 1/3O,VM3A,HHW,HEX 1/3O
61096,VM3A.HHW.HEX 2/3O,VM3A,HHW,HEX 2/3O
61097,VM3A.HHW.Hot Water Flow Switch,VM3A,HHW,Hot Water Flow Switch
61098,VM3A.HHW.HWSO,VM3A,HHW,HWSO
61099,VM3A.HHW.Outside Air Enable,VM3A,HHW,Outside Air Enable
61100,VM3A.HHW.Outside Air Temp,VM3A,HHW,Outside Air Temp
61101,VM3A.HHW.Pump1_SPEEDO,VM3A,HHW,Pump1_SPEEDO
61102,VM3A.HHW.Pump2_SPEEDO,VM3A,HHW,Pump2_SPEEDO
61103,VM3A.HHW.Pump 1 Speed,VM3A,HHW,Pump 1 Speed
61104,VM3A.HHW.Pump 1 Status,VM3A,HHW,Pump 1 Status
61105,VM3A.HHW.Pump 2 Speed,VM3A,HHW,Pump 2 Speed
61106,VM3A.HHW.Pump 2 Status,VM3A,HHW,Pump 2 Status
61107,VM3A.HHW.Pump1__2 KW,VM3A,HHW,Pump1__2 KW
61108,VM3A.HHW.PUMPENABLE,VM3A,HHW,PUMPENABLE
61109,VM3A.HHW.Steam Flow Rate,VM3A,HHW,Steam Flow Rate
63260,VMEP.HHW.AVGDAILYOutside Air Temp,VMEP,HHW,AVGDAILYOutside Air Temp
63261,VMEP.HHW.Building Hot Water Flow,VMEP,HHW,Building Hot Water Flow
63262,VMEP.HHW.Building Hot Water Return Temp,VMEP,HHW,Building Hot Water Return Temp
63263,VMEP.HHW.Building Hot Water Supply Temp,VMEP,HHW,Building Hot Water Supply Temp
63264,VMEP.HHW.Building Hot Water Supply Temp Setpoint,VMEP,HHW,Building Hot Water Supply Temp Setpoint
63265,VMEP.HHW.CONDMETER,VMEP,HHW,CONDMETER
63266,VMEP.HHW.CONDUSAGE,VMEP,HHW,CONDUSAGE
63267,VMEP.HHW.ENABLE,VMEP,HHW,ENABLE
63268,VMEP.HHW.EOLDP,VMEP,HHW,EOLDP
63269,VMEP.HHW.EOLDPO,VMEP,HHW,EOLDPO
63270,VMEP.HHW.EOLDPS,VMEP,HHW,EOLDPS
63271,VMEP.HHW.Heating Valve Output,VMEP,HHW,Heating Valve Output
63272,VMEP.HHW.Heating Valve Output ENABLE,VMEP,HHW,Heating Valve Output ENABLE
63273,VMEP.HHW.HEATINGDEGDAYS,VMEP,HHW,HEATINGDEGDAYS
63274,VMEP.HHW.HEX 1/3O,VMEP,HHW,HEX 1/3O
63275,VMEP.HHW.HEX 2/3O,VMEP,HHW,HEX 2/3O
63276,VMEP.HHW.Hot Water Flow Switch,VMEP,HHW,Hot Water Flow Switch
63277,VMEP.HHW.HWP1,VMEP,HHW,HWP1
63279,VMEP.HHW.HWSO,VMEP,HHW,HWSO
63280,VMEP.HHW.Outside Air Enable,VMEP,HHW,Outside Air Enable
63281,VMEP.HHW.Pump 1 Speed,VMEP,HHW,Pump 1 Speed
63928,VMIF.HHW.1/3 Steam Valve Position,VMIF,HHW,1/3 Steam Valve Position
63929,VMIF.HHW.2/3 Steam Valve Position,VMIF,HHW,2/3 Steam Valve Position
63930,VMIF.HHW.2PUMPSREQUIRED,VMIF,HHW,2PUMPSREQUIRED
63931,VMIF.HHW.AVGDAILYOutside Air Temp,VMIF,HHW,AVGDAILYOutside Air Temp
63935,VMIF.HHW.Building Hot Water Return Temp,VMIF,HHW,Building Hot Water Return Temp
63936,VMIF.HHW.Building Hot Water Supply Temp,VMIF,HHW,Building Hot Water Supply Temp
63937,VMIF.HHW.Building Hot Water Supply Temp Setpoint,VMIF,HHW,Building Hot Water Supply Temp Setpoint
63938,VMIF.HHW.Condensate Flow Rate,VMIF,HHW,Condensate Flow Rate
63939,VMIF.HHW.CONDUSAGE,VMIF,HHW,CONDUSAGE
63940,VMIF.HHW.ENABLE,VMIF,HHW,ENABLE
63941,VMIF.HHW.EOLDP,VMIF,HHW,EOLDP
63942,VMIF.HHW.EOLDPAVG,VMIF,HHW,EOLDPAVG
63943,VMIF.HHW.EOLDPO,VMIF,HHW,EOLDPO
63944,VMIF.HHW.EOLDPSP,VMIF,HHW,EOLDPSP
63945,VMIF.HHW.HEX 1/3O,VMIF,HHW,HEX 1/3O
63946,VMIF.HHW.HEX 2/3O,VMIF,HHW,HEX 2/3O
63947,VMIF.HHW.HEX 42372,VMIF,HHW,HEX 42372
63948,VMIF.HHW.HEX 42403,VMIF,HHW,HEX 42403
63949,VMIF.HHW.Hot Water Flow,VMIF,HHW,Hot Water Flow
63950,VMIF.HHW.Hot Water Flow Switch,VMIF,HHW,Hot Water Flow Switch
63951,VMIF.HHW.HTGREQUIRED,VMIF,HHW,HTGREQUIRED
63954,VMIF.HHW.HWSO,VMIF,HHW,HWSO
63955,VMIF.HHW.MBTU,VMIF,HHW,MBTU
63957,VMIF.HHW.Outside Air Enable,VMIF,HHW,Outside Air Enable
63958,VMIF.HHW.Outside Air Temp,VMIF,HHW,Outside Air Temp
63959,VMIF.HHW.Pump1_ON,VMIF,HHW,Pump1_ON
63960,VMIF.HHW.Pump1_SPEEDO,VMIF,HHW,Pump1_SPEEDO
63961,VMIF.HHW.Pump1_SPEEDOAVG,VMIF,HHW,Pump1_SPEEDOAVG
63962,VMIF.HHW.Pump1_VFD Power,VMIF,HHW,Pump1_VFD Power
63963,VMIF.HHW.Pump2_ON,VMIF,HHW,Pump2_ON
63964,VMIF.HHW.Pump2_SPEEDO,VMIF,HHW,Pump2_SPEEDO
63965,VMIF.HHW.Pump2_SPEEDOAVG,VMIF,HHW,Pump2_SPEEDOAVG
63966,VMIF.HHW.Pump2_VFD Power,VMIF,HHW,Pump2_VFD Power
63967,VMIF.HHW.Pump 1 Speed,VMIF,HHW,Pump 1 Speed
63968,VMIF.HHW.Pump 1 Status,VMIF,HHW,Pump 1 Status
63969,VMIF.HHW.Pump 2 Speed,VMIF,HHW,Pump 2 Speed
63970,VMIF.HHW.Pump 2 Status,VMIF,HHW,Pump 2 Status
63971,VMIF.HHW.Pump A Status,VMIF,HHW,Pump A Status
63972,VMIF.HHW.Pump B Status,VMIF,HHW,Pump B Status
63973,VMIF.HHW.SEQUENCE,VMIF,HHW,SEQUENCE
64225,VMLF.HHW.Building Hot Water Supply Temp,VMLF,HHW,Building Hot Water Supply Temp
64226,VMLF.HHW.Building Hot Water Supply Temp Sp,VMLF,HHW,Building Hot Water Supply Temp Sp
64480,VMTH.HHW.Building Hot Water Supply Temp,VMTH,HHW,Building Hot Water Supply Temp
64481,VMTH.HHW.MBH,VMTH,HHW,MBH
64890,VMTHB.HHW.Building Hot Water Return Temp,VMTHB,HHW,Building Hot Water Return Temp
64891,VMTHB.HHW.Building Hot Water Supply Temp,VMTHB,HHW,Building Hot Water Supply Temp
64892,VMTHB.HHW.Building Hot Water Supply Temp Setpoint,VMTHB,HHW,Building Hot Water Supply Temp Setpoint
64893,VMTHB.HHW.ENABLE,VMTHB,HHW,ENABLE
64894,VMTHB.HHW.Hot Water Flow Switch,VMTHB,HHW,Hot Water Flow Switch
64895,VMTHB.HHW.Outside Air Enable,VMTHB,HHW,Outside Air Enable
64896,VMTHB.HHW.Outside Air Temp,VMTHB,HHW,Outside Air Temp
64897,VMTHB.HHW.Pump1_PROOF,VMTHB,HHW,Pump1_PROOF
64898,VMTHB.HHW.Pump 1 Status,VMTHB,HHW,Pump 1 Status
64899,VMTHB.HHW.STM VLV,VMTHB,HHW,STM VLV
64957,VMTHC.HHW.Building Hot Water Return Temp,VMTHC,HHW,Building Hot Water Return Temp
64958,VMTHC.HHW.Building Hot Water Supply Temp,VMTHC,HHW,Building Hot Water Supply Temp
64959,VMTHC.HHW.Building Hot Water Supply Temp Setpoint,VMTHC,HHW,Building Hot Water Supply Temp Setpoint
64960,VMTHC.HHW.ENABLE,VMTHC,HHW,ENABLE
64961,VMTHC.HHW.Outside Air Enable,VMTHC,HHW,Outside Air Enable
64962,VMTHC.HHW.Outside Air Temp,VMTHC,HHW,Outside Air Temp
64963,VMTHC.HHW.Pump1_PROOF,VMTHC,HHW,Pump1_PROOF
64964,VMTHC.HHW.Pump 1 Status,VMTHC,HHW,Pump 1 Status
64965,VMTHC.HHW.STM VLV,VMTHC,HHW,STM VLV
65369,WELL.HHW.Building Hot Water Return Temp,WELL,HHW,Building Hot Water Return Temp
65370,WELL.HHW.Building Hot Water Supply Temp,WELL,HHW,Building Hot Water Supply Temp
65371,WELL.HHW.Building Hot Water Supply Temp Setpoint,WELL,HHW,Building Hot Water Supply Temp Setpoint
65372,WELL.HHW.ENABLE,WELL,HHW,ENABLE
65373,WELL.HHW.EOLDP,WELL,HHW,EOLDP
65374,WELL.HHW.EOLDP SP,WELL,HHW,EOLDP SP
65375,WELL.HHW.Hot Water Flow,WELL,HHW,Hot Water Flow
65376,WELL.HHW.Hot Water Flow Switch,WELL,HHW,Hot Water Flow Switch
65377,WELL.HHW.Outside Air Temp,WELL,HHW,Outside Air Temp
65378,WELL.HHW.Pump 8 Speed,WELL,HHW,Pump 8 Speed
65379,WELL.HHW.Pump 8 Status,WELL,HHW,Pump 8 Status
65380,WELL.HHW.Pump 9 Status,WELL,HHW,Pump 9 Status
65502,WICK.HHW.3RD_Building Hot Water Return Temp,WICK,HHW,3RD_Building Hot Water Return Temp
65503,WICK.HHW.3RD_Building Hot Water Supply Temp,WICK,HHW,3RD_Building Hot Water Supply Temp
65504,WICK.HHW.3RD_Building Hot Water Supply Temp Setpoint,WICK,HHW,3RD_Building Hot Water Supply Temp Setpoint
65505,WICK.HHW.3RD_ENABLE,WICK,HHW,3RD_ENABLE
65508,WICK.HHW.3RD_Outside Air Temp,WICK,HHW,3RD_Outside Air Temp
65509,WICK.HHW.3RD_STM VLV,WICK,HHW,3RD_STM VLV
65510,WICK.HHW.Outside Air Temp,WICK,HHW,Outside Air Temp
65511,WICK.HHW.PREHEAT_Building Hot Water Supply Temp,WICK,HHW,PREHEAT_Building Hot Water Supply Temp
65512,WICK.HHW.PREHEAT_Building Hot Water Supply Temp Setpoint,WICK,HHW,PREHEAT_Building Hot Water Supply Temp Setpoint
65513,WICK.HHW.PREHEAT_ENABLE,WICK,HHW,PREHEAT_ENABLE
65514,WICK.HHW.PREHEAT_Hot Water Flow Switch,WICK,HHW,PREHEAT_Hot Water Flow Switch
65515,WICK.HHW.PREHEAT_ON,WICK,HHW,PREHEAT_ON
65516,WICK.HHW.PREHEAT_PUMP,WICK,HHW,PREHEAT_PUMP
65517,WICK.HHW.PREHEAT_Start/Stop,WICK,HHW,PREHEAT_Start/Stop
65518,WICK.HHW.REHEAT_Building Hot Water Supply Temp,WICK,HHW,REHEAT_Building Hot Water Supply Temp
65519,WICK.HHW.REHEAT_Building Hot Water Supply Temp Setpoint,WICK,HHW,REHEAT_Building Hot Water Supply Temp Setpoint
65520,WICK.HHW.REHEAT_ENABLE,WICK,HHW,REHEAT_ENABLE
65521,WICK.HHW.REHEAT_Hot Water Flow Switch,WICK,HHW,REHEAT_Hot Water Flow Switch
65522,WICK.HHW.REHEAT_ON,WICK,HHW,REHEAT_ON
65523,WICK.HHW.REHEAT_PUMP,WICK,HHW,REHEAT_PUMP
65524,WICK.HHW.REHEAT_Start/Stop,WICK,HHW,REHEAT_Start/Stop
65965,WSRC.HHW.Building Hot Water Return Temp,WSRC,HHW,Building Hot Water Return Temp
65966,WSRC.HHW.Building Hot Water Supply Temp,WSRC,HHW,Building Hot Water Supply Temp
65967,WSRC.HHW.Building Hot Water Supply Temp Setpoint,WSRC,HHW,Building Hot Water Supply Temp Setpoint
65968,WSRC.HHW.CRTEMP,WSRC,HHW,CRTEMP
65969,WSRC.HHW.ENABLE,WSRC,HHW,ENABLE
65970,WSRC.HHW.Heating Valve Output,WSRC,HHW,Heating Valve Output
65971,WSRC.HHW.Heating Valve Output ENABLE,WSRC,HHW,Heating Valve Output ENABLE
65972,WSRC.HHW.HEX 1/3O,WSRC,HHW,HEX 1/3O
65973,WSRC.HHW.HEX 2/3O,WSRC,HHW,HEX 2/3O
65974,WSRC.HHW.Hot Water Flow Switch,WSRC,HHW,Hot Water Flow Switch
65975,WSRC.HHW.HWSO,WSRC,HHW,HWSO
65976,WSRC.HHW.Outside Air Enable,WSRC,HHW,Outside Air Enable
65977,WSRC.HHW.Outside Air Temp,WSRC,HHW,Outside Air Temp
65978,WSRC.HHW.Pump 1 Status,WSRC,HHW,Pump 1 Status
66171,YOUNG.HHW.BUILD DP,YOUNG,HHW,BUILD DP
66172,YOUNG.HHW.Building Hot Water Return Temp,YOUNG,HHW,Building Hot Water Return Temp
66173,YOUNG.HHW.Building Hot Water Supply Temp,YOUNG,HHW,Building Hot Water Supply Temp
66174,YOUNG.HHW.Building Hot Water Supply Temp Setpoint,YOUNG,HHW,Building Hot Water Supply Temp Setpoint
66175,YOUNG.HHW.ENABLE,YOUNG,HHW,ENABLE
66176,YOUNG.HHW.HEX1 1/3,YOUNG,HHW,HEX1 1/3
66177,YOUNG.HHW.HEX1 2/3,YOUNG,HHW,HEX1 2/3
66178,YOUNG.HHW.HEX1 42372,YOUNG,HHW,HEX1 42372
66179,YOUNG.HHW.HEX1 42403,YOUNG,HHW,HEX1 42403
66180,YOUNG.HHW.HEX2 1/3,YOUNG,HHW,HEX2 1/3
66181,YOUNG.HHW.HEX2 2/3,YOUNG,HHW,HEX2 2/3
66182,YOUNG.HHW.HEX2 42372,YOUNG,HHW,HEX2 42372
66183,YOUNG.HHW.HEX2 42403,YOUNG,HHW,HEX2 42403
66184,YOUNG.HHW.Outside Air Enable,YOUNG,HHW,Outside Air Enable
66185,YOUNG.HHW.Outside Air Temp,YOUNG,HHW,Outside Air Temp
66186,YOUNG.HHW.Pump 3 Status,YOUNG,HHW,Pump 3 Status
66187,YOUNG.HHW.Pump 4 Status,YOUNG,HHW,Pump 4 Status
66188,YOUNG.HHW.Pump 5 Status,YOUNG,HHW,Pump 5 Status